관리번호,분류,대표명,주소,경도,위도,사업장명,지번주소,도로명주소,
1,대형슈퍼,롯데슈퍼,서울특별시 양천구 목동,126.871475,37.5341766,롯데슈퍼 목동2점,서울특별시 양천구 목동 903-목동3단지아파트 관리동상가 105호,"서울특별시 양천구 목동서로 100, 105호 (목동,목동3단지아파트 관리동상가)","X :126.871475, Y :37.5341766"
2,대형슈퍼,롯데슈퍼,서울특별시 서초구 방배동,126.989284,37.4912518,롯데슈퍼 방배2점,서울특별시 서초구 방배동 816-1호,서울특별시 방배로33길 29,"X :126.989284, Y :37.4912518"
3,백화점,갤러리아백화점,서울특별시 강남구 압구정동,127.041895,37.5279702,갤러리아백화점(동관),서울특별시 강남구 압구정동 515호,"서울특별시 강남구 압구정로 407 (압구정동, 갤러리아백화점)","X :127.041895, Y :37.5279702"
4,대형슈퍼,롯데슈퍼,서울특별시 중랑구 신내동,127.092878,37.6161846,롯데프레시앤델리 봉화산역점,서울특별시 중랑구 신내동 646 금강리빙스텔,"서울특별시 중랑구 신내로 211, 금강리빙스텔 비01호 (신내동)","X :127.092878, Y :37.6161846"
5,대형슈퍼,롯데슈퍼,서울특별시 서대문구 홍제동,126.858941,37.5330449,롯데슈퍼 홍제2점,서울특별시 서대문구 홍제동 469-인왕산 한신휴플러스,"서울특별시 서대문구 통일로 397, 지4층 (홍제동, 인왕산 한신휴플러스)","X :126.858941, Y :37.5330449"
6,대형슈퍼,롯데슈퍼,서울특별시 강서구 화곡동,126.858941,37.5330449,씨에스유통 (롯데슈퍼화곡2점),서울특별시 강서구 화곡동 830-1호,서울특별시 강서구 등촌로5길 80 (화곡동),"X :126.858941, Y :37.5330449"
7,대형슈퍼,롯데슈퍼,서울특별시 서대문구 홍제동,126.942459,37.5913832,롯데슈퍼 유진점,서울특별시 서대문구 홍제동 294-46호 유진상가,"서울특별시 서대문구 통일로 484, 유진상가 1층 (홍제동)","X :126.942459, Y :37.5913832"
8,백화점,갤러리아백화점,서울특별시 강남구 압구정동,127.040029,37.5285474,갤러리아백화점(서관),서울특별시 강남구 압구정동 494호,"서울특별시 강남구 압구정로 343 (압구정동, 갤러리아백화점)","X :127.040029, Y :37.5285474"
9,대형슈퍼,GS슈퍼,서울특별시 중랑구 망우동,127.109247,37.6022055,GS THE FRESH 중랑망우점,서울특별시 중랑구 망우동 580 중랑숲금호어울림,"서울특별시 중랑구 양원역로 18, 103~106호 (망우동, 중랑숲금호어울림)","X :127.109247, Y :37.6022055"
10,대형슈퍼,이마트 에브리데이,서울특별시 성북구 길음동,127.022424,37.6042891,이마트에브리데이 길음점,서울특별시 성북구 길음동 1286-10 길음뉴타운9단지래미안 상가,"서울특별시 성북구 길음로7길 6, 길음뉴타운9단지래미안 상가 지하1층 B04~B08호 (길음동)","X :127.022424, Y :37.6042891"
11,대형슈퍼,GS슈퍼,서울특별시 동대문구 장안동,127.072553,37.5750235,GS THE FRESH 동대문장안점,서울특별시 동대문구 장안동 310-8 희헌빌딩,"서울특별시 동대문구 장한로28가길 45, 희헌빌딩 (장안동)","	X :127.072553, Y :37.5750235"
12,대형슈퍼,이마트 에브리데이,서울특별시 서대문구 남가좌동,126.923924,37.5805607,이마트에브리데이 명지대점,서울특별시 서대문구 남가좌동 50-3 명지대학교,"서울특별시 서대문구 거북골로 34, 명지대학교 (남가좌동)","X :126.923924, Y :37.5805607"
13,백화점,신세계백화점,서울특별시 서초구 반포동,127.003599,37.5043439,신세계백화점 강남점,서울특별시 서초구 반포동 19-3호,서울특별시 서초구 신반포로 176 (반포동),"X :127.003599, Y :37.5043439"
14,대형슈퍼,GS슈퍼,서울특별시 송파구 거여동,127.147205,37.4970099,GS THE FRESH 송파시그니처점,서울특별시 송파구 거여동 202-180 송파시그니처롯데캐슬,"서울특별시 송파구 거마로 56(거여동, 송파시그니처롯데캐슬)","X :127.147205, Y :37.4970099"
15,대형슈퍼,GS슈퍼,서울특별시 송파구 문정동,127.123645,37.4805933,GS THE FRESH 송파하비오점,서울특별시 송파구 문정동 618 파크하비오,"서울특별시 송파구 송파대로 111, 하비오길동 제1층호텔로 202동 (문정동, 파크하비오)","X :127.123645, Y :37.4805933"
16,대형슈퍼,롯데슈퍼,서울특별시 강동구 길동,127.136356,37.5385137,롯데쇼핑㈜롯데슈퍼길동점,서울특별시 강동구 길동 384-1호,서울특별시 강동구 성안로 176 (길동),"	X :127.136356, Y :37.5385137"
17,백화점,NC백화점,서울특별시 구 로구 구로동,126.882728,37.501239,이랜드리테일 NC구로점,서울특별시 구로구 구로동 573,서울특별시 구로구 구로중앙로 152 (구로동),"X :126.882728, Y :37.5012390"
18,백화점,롯데백화점,서울특별시 영등포구 영등포동,126.907646,37.5156503,롯데백화점 영등포점,서울특별시 영등포구 영등포동 618-496호,"서울특별시 영등포구 경인로 846 (영등포동, 영등포 민자역사)","X :126.907646, Y :37.5156503"
19,대형할인마트,롯데마트,서울특별시 강북구 미아동,127.017695,37.6255621,롯데쇼핑(주) 롯데마트 삼양점,서울특별시 강북구 미아동 1359번지,서울특별시 강북구 삼양로 247 (미아동),"	X :127.017695, Y :37.6255621"
20,대형슈퍼,GS슈퍼,서울특별시 관악구 봉천동,126.959886,37.487578,지에스 더 프레시(GS THE FRESH) 관악청림점,서울특별시 관악구 봉천동 1717-3 관악푸르지오,"서울특별시 관악구 청림6길 3, 관악푸르지오 상가동 110,113,114호 (봉천동)","	X :126.959886, Y :37.4875780"
21,대형슈퍼,롯데슈퍼,서울특별시 서대문구 홍은동,126.926504,37.5815714,롯데프레시 홍은점,서울특별시 서대문구 홍은동 400-12,서울특별시 서대문구 가좌로 99(홍은동),"X :126.926504, Y :37.5815714"
22,대형슈퍼,GS슈퍼,서울특별시 종로구 무악동,126.960483,37.575164,GS THE FRESH 무악현대점,서울특별시 종로구 무악동 82 무악현대아파트,"서울특별시 종로구 통일로 246-10, 무악현대아파트 지하 1층 (무악동)","X :126.960483, Y :37.5751640"
23,지역시장,뚝도시장,서울특별시 성동구 성수동2가,127.054799,37.5377859,뚝도시장,서울특별시 성동구 성수동2가 335번지,서울특별시 성동구 성수이로 32-15 (성수동2가),"X :127.054799, Y :37.5377859"
24,지역시장,경동시장,서울특별시 동대문구 제기동,127.039296,37.5791474,경동시장,서울특별시 동대문구 제기동 1019 경동시장,"서울특별시 동대문구 고산자로36길 3, 경동시장 (제기동)","X :127.039296, Y :37.5791474"
25,대형슈퍼,GS슈퍼,서울특별시 용산구 이촌동,126.969336,37.520936,GS THE FRESH 용산이촌점,서울특별시 용산구 이촌동 302-52 LG프라자,"서울특별시 용산구 이촌로 200, LG프라자 지하1층 (이촌동)","X :126.969336, Y :37.5209360"
26,대형슈퍼,이마트 에브리데이,서울특별시 서대문구 남가좌동,126.915625,37.5714639,이마트에브리데이 남가좌점,서울특별시 서대문구 남가좌동 286-1 DMC금호리첸시아,"서울특별시 서대문구 수색로2길 39(남가좌동, DMC금호리첸시아)","X :126.915625, Y :37.5714639"
27,대형슈퍼,GS슈퍼,서울특별시 광진구 구의동,127.084505,37.542589,GS THE FRESH 광진구의점,서울특별시 광진구 구의동 236-53 광진 더프레236,"서울특별시 광진구 자양로 168, 102호 (구의동, 광진 더프레236)","X :127.084505, Y :37.5425890"
28,대형슈퍼,GS슈퍼,서울특별시 강남구 신사동,127.035492,37.528738,GS THE FRESH 압구정점,서울특별시 강남구 신사동 638-6,"서울특별시 강남구 압구정로 312, 신사동 1층 (신사동)","X :127.035492, Y :37.5287380"
29,대형슈퍼,롯데슈퍼,서울특별시 노원구 공릉동,127.079519,37.6226362,롯데쇼핑(주) 롯데슈퍼공릉점,서울특별시 노원구 공릉동 238-53호,"서울특별시 노원구 공릉로 144 (공릉동, 공릉빌딩)","X :127.079519, Y :37.6226362"
30,백화점,롯데백화점,서울특별시 노원구 상계동,127.061059,37.6551273,롯데백화점 노원점,서울특별시 노원구 상계동 713호,서울특별시 노원구 동일로 1414 (상계동),"X :127.061059, Y :37.6551273"
31,대형슈퍼,GS슈퍼,서울특별시 성북구 길음동,127.025958,37.6080456,GS THE FRESH 성북클라시아점,서울특별시 성북구 길음동 508-16,"서울특별시 성북구 숭인로8길 80, 롯데캐슬클라시아 상가 101~104호 (길음동)","X :127.025958, Y :37.6080456"
32,대형슈퍼,이마트 에브리데이,서울특별시 광진구 중곡동,127.081292,37.5638997,(주)이마트에브리데이 중곡동점,서울특별시 광진구 중곡동 229-5호,서울특별시 광진구 긴고랑로11길 11 (중곡동),"X :127.081292, Y :37.5638997"
33,대형슈퍼,롯데슈퍼,서울특별시 광진구 구의동,127.092154,37.5519627,롯데 FRESH 아차산점,서울특별시 광진구 구의동 49-4호,서울특별시 광진구 자양로 293 (구의동),"X :127.092154, Y :37.5519627"
34,대형슈퍼,이마트 에브리데이,서울특별시 강서구 등촌동,126.85325,37.5615904,(주)이마트에브리데이 가양역점,서울특별시 강서구 등촌동 73-1 금부빌딩,"서울특별시 강서구 양천로 476, 금부빌딩 (등촌동)","X :126.853250, Y :37.5615904"
35,대형슈퍼,홈플러스 익스프레스,서울특별시 양천구 신정동,126.871415,37.5229051,홈플러스 익스프레스 오목교점,서울특별시 양천구 신정동 86-1,서울특별시 양천구 목동동로 196(신정동),"X :126.871415, Y :37.5229051"
36,대형할인마트,노브랜드,서울특별시 동대문구 제기동,127.039296,37.5791474,노브랜드 경동시장점,서울특별시 동대문구 제기동 1019-신관 2층,"서울특별시 동대문구 고산자로36길 3, 2층 (제기동)","X :127.039296, Y :37.5791474"
37,대형슈퍼,롯데슈퍼,서울특별시 양천구 신월동,126.832901,37.5409214,롯데쇼핑(주)롯데슈퍼 신월점,서울특별시 양천구 신월동 20-28호 외 1필지,"서울특별시 양천구 월정로46길 11 (신월동,외 1필지)","X :126.832901, Y :37.5409214"
38,대형슈퍼,롯데슈퍼,서울특별시 도봉구 쌍문동,127.035314,37.6591739,롯데슈퍼 쌍문점,서울특별시 도봉구 쌍문동 19번지,서울특별시 도봉구 도당로 10 (쌍문동),"X :127.035314, Y :37.6591739"
39,백화점,NC백화점,서울특별시 은평구 대조동,126.928979,37.6097018,엔씨백화점 불광점,서울특별시 은평구 대조동 240호,서울특별시 은평구 불광로 20 (대조동),"X :126.928979, Y :37.6097018"
40,대형슈퍼,롯데슈퍼,서울특별시 서대문구 남가좌동,126.915642,37.5759599,롯데슈퍼 남가좌점,서울특별시 서대문구 남가좌동 381 DMC센트레빌,"서울특별시 서대문구 거북골로 120(남가좌동, DMC센트레빌)","X :126.915642, Y :37.5759599"
41,대형슈퍼,롯데슈퍼,서울특별시 도봉구 창동,127.037109,37.6464515,롯데슈퍼 창동점,서울특별시 도봉구 창동 651-36호,서울특별시 도봉구 도봉로110길 65 (창동),"X :127.037109, Y :37.6464515"
42,대형슈퍼,롯데슈퍼,서울특별시 도봉구 방학동,127.027132,37.6614194,롯데슈퍼 방학점,서울특별시 도봉구 방학동 271-2호,서울특별시 도봉구 방학로 223 (방학동),"X :127.027132, Y :37.6614194"
43,대형할인마트,이마트,서울특별시 성동구 성수동2가,127.05239,37.5398502,(주)이마트 성수점,서울특별시 성동구 성수동2가 333-16호,서울특별시 뚝섬로 379,"	X :127.052390, Y :37.5398502"
44,대형슈퍼,이마트 에브리데이,서울특별시 강남구 신사동,127.020646,37.5187583,이마트에브리데이 강남시장점,서울특별시 강남구 신사동 510-11 강남상가아파트,"서울특별시 강남구 압구정로2길 46, 1층 (신사동)","X :127.020646, Y :37.5187583"
45,대형슈퍼,GS슈퍼,서울특별시 영등포구 신길동,126.911525,37.5066614,GS THE FRESH 신길사러가점,서울특별시 영등포구 신길동 4902-6,"서울특별시 영등포구 신길로 162, 1층 일부 (신길동)","X :126.911525, Y :37.5066614"
46,대형슈퍼,롯데슈퍼,서울특별시 서대문구 창천동,126.92861,37.5585074,롯데슈퍼 창천점,서울특별시 서대문구 창천동 506-20 아륭빌딩,"서울특별시 서대문구 신촌로 13, 아륭빌딩 (창천동)","X :126.928610, Y :37.5585074"
47,지역시장,중부시장,서울특별시 중구 오장동,127.001813,37.5649449,중부시장,서울특별시 중구 오장동 139-11,서울특별시 중구 을지로36길 35 (오장동),"X :127.001813, Y :37.5649449"
48,지역시장,광장시장,서울특별시 종로구 예지동,126.998689,37.5702697,광장시장,서울특별시 종로구 예지동 6-1호,서울특별시 종로구 창경궁로 88 (예지동),"X :126.998689, Y :37.5702697"
49,지역시장,방산종합시장,서울특별시 중구 주교동,127.000805,37.568684,방산종합시장,서울특별시 중구 주교동 19-1,서울특별시 중구 동호로37길 20 (방산동),"X :127.000805, Y :37.5686840"
50,대형슈퍼,홈플러스 익스프레스,서울특별시 종로구 숭인동,127.016155,37.5738367,홈플러스(주)익스프레스 숭인점,서울특별시 종로구 숭인동 76-롯데캐슬천지인 1층,서울특별시 종로구 종로 347 (숭인동),"X :127.016155, Y :37.5738367"
51,지역시장,대림시장,서울특별시 은평구 응암동,126.917724,37.5873319,대림시장,서울특별시 은평구 응암동 300-10,서울특별시 은평구 응암로4길 28-1,"X :126.917724, Y :37.5873319"
52,지역시장,양지시장,서울특별시 은평구 응암동,126.917622,37.5867642,양지시장,서울특별시 은평구 응암동 754-1,서울특별시 은평구 응암로4길 20,"X :126.917622, Y :37.5867642"
53,대형슈퍼,홈플러스 익스프레스,서울특별시 중구 신당동,127.015576,37.5628357,홈플러스익스프레스 신당점,서울특별시 중구 신당동 292-43,서울특별시 중구 다산로 222 (신당동),"X :127.015576, Y :37.5628357"
54,지역시장,동대문종합시장,서울특별시 종로구 종로6가,127.006907,37.5707832,동대문종합시장,서울특별시 종로구 종로6가 289-3 호,서울특별시 종로구 종로 266 (종로6가),"X :127.006907, Y :37.5707832"
55,지역시장,동대문종합시장 신관,서울특별시 종로구 종로6가,127.008344,37.5707741,동대문종합시장 신관,서울특별시 종로구 종로6가 289-57호,서울특별시 종로구 종로 272 (종로6가),"X :127.008344, Y :37.5707741"
56,지역시장,동문시장,서울특별시 종로구 창신동,127.011366,37.5704315,동문시장,서울특별시 종로구 창신동 436-41,서울특별시 종로구 종로44길 14 (창신동),"X :127.011366, Y :37.5704315"
57,대형슈퍼,홈플러스 익스프레스,서울특별시 종로구 신문로1가,126.974736,37.570474,홈플러스(주)익스프레스 광화문점,서울특별시 종로구 신문로1가 24- 고려빌딩 1층,"서울특별시 새문안로 91, 1층 (고려빌딩)","X :126.974736, Y :37.5704740"
58,대형슈퍼,GS슈퍼,서울특별시 중구 만리동2가,126.963391,37.5541719,지에스수퍼마켓 중구만리점,서울특별시 중구 만리동2가 273,"서울특별시 중구 만리재로 175, 401동 9,10,11호 (만리동2가)","X :126.963391, Y :37.5541719"
59,지역시장,서울중앙시장,서울특별시 중구 황학동,127.019787,37.5667634,서울중앙시장,서울특별시 중구 황학동 409,서울특별시 중구 퇴계로85길 22 (황학동),"X :127.019787, Y :37.5667634"
60,지역시장,신설종합시장,서울특별시 종로구 숭인동,127.020491,37.5726828,신설종합시장(주),서울특별시 종로구 숭인동 206-9 신설종합시장,"서울특별시 종로구 난계로27길 51, 신설종합시장 (숭인동)","X :127.020491, Y :37.5726828"
61,지역시장,서울남대문시장,서울특별시 중구 남창동,126.977943,37.5593744,서울남대문시장,서울특별시 중구 남창동 49번지,서울특별시 중구 남대문시장4길 21 (남창동),"X :126.977943, Y :37.5593744"
62,대형슈퍼,GS슈퍼,서울특별시 중구 신당동,127.009248,37.5497989,(주)지에스리테일 남산타운점,서울특별시 중구 신당동 844,서울특별시 중구 다산로 32 (신당동),"X :127.009248, Y :37.5497989"
63,대형할인마트,이마트,서울특별시 중구 황학동,127.021407,37.5709618,주식회사 이마트 청계천점,서울특별시 중구 황학동 2545번지,서울특별시 중구 청계천로 400-0 (황학동),"X :127.021407, Y :37.5709618"
64,지역시장,서중시장,서울특별시 서대문구 남가좌동,126.91703,37.5702396,서중시장,서울특별시 서대문구 남가좌동 141-20,서울특별시 서대문구 모래내로13길 25-6,"	X :126.917030, Y :37.5702396"
65,종합쇼핑몰,아이파크몰,서울특별시 용산구 한강로3가,126.963935,37.529584,아이파크몰(I PARK MALL),서울특별시 용산구 한강로3가 40-999호,서울특별시 용산구 한강대로23길 55 (한강로3가),"X :126.963935, Y :37.5295840"
66,대형슈퍼,롯데슈퍼,서울특별시 용산구 한남동,127.005648,37.5321036,롯데슈퍼 한남점(가맹점),서울특별시 용산구 한남동 631-5호 허준빌딩,"서울특별시 용산구 대사관로34길 26, 허준빌딩 1층 (한남동)","X :127.005648, Y :37.5321036"
67,지역시장,보광시장,서울특별시 용산구 보광동,127.000263,37.5271932,보광시장,서울특별시 용산구 보광동 260-8호,서울특별시 용산구 보광로 30 (보광동),"X :127.000263, Y :37.5271932"
68,지역시장,만리시장,서울특별시 용산구 서계동,126.963359,37.5514059,만리시장,서울특별시 용산구 서계동 260-1호,서울특별시 용산구 효창원로 270 (서계동),"X :126.963359, Y :37.5514059"
69,지역시장,삼구시장,서울특별시 영등포구 영등포동5가,126.905571,37.5200365,삼구시장,서울특별시 영등포구 영등포동5가 20호,서울특별시 영등포구 영등포로 219,"X :126.905571, Y :37.5200365"
70,대형할인마트,하나로마트,서울특별시 용산구 한강로2가,126.964714,37.5331612,(주)농협유통하나로클럽용산점,서울특별시 용산구 한강로2가 15-19호,서울특별시 용산구 청파로 122 (한강로2가),"X :126.964714, Y :37.5331612"
71,지역시장,이태원시장,서울특별시 용산구 이태원동,126.990035,37.533815,이태원시장,서울특별시 용산구 이태원동 56-9호,서울특별시 용산구 이태원로14길 6 (이태원동),"X :126.990035, Y :37.5338150"
72,종합쇼핑몰,엔터식스,서울특별시 성동구 행당동,127.040089,37.5571359,파크에비뉴 엔터식스 한양대점,서울특별시 성동구 행당동 377,서울특별시 성동구 왕십리로 241 (행당동),"X :127.040089, Y :37.5571359"
73,백화점,아이파크백화점,서울특별시 용산구 한강로3가,126.963935,37.529584,아이파크(I PARK)백화점,서울특별시 용산구 한강로3가 40-999호,서울특별시 용산구 한강대로23길 55 (한강로3가),"X :126.963935, Y :37.5295840"
74,대형할인마트,롯데마트,서울특별시 서초구 서초동,127.005193,37.4906396,롯데쇼핑(주) 롯데마트 서초점,서울특별시 서초구 서초동 1498-5,서울특별시 서초구 서초대로38길 12,"X :127.005193, Y :37.4906396"
75,대형슈퍼,롯데슈퍼,서울특별시 강서구 내발산동,126.835903,37.5495661,롯데쇼핑(주)롯데슈퍼 우장산점,서울특별시 강서구 내발산동 719-6호,서울특별시 강서구 강서로 267 (내발산동),"X :126.835903, Y :37.5495661"
76,대형슈퍼,롯데슈퍼,서울특별시 강서구 방화동,126.820823,37.5710056,롯데쇼핑(주)롯데슈퍼 방화점,서울특별시 강서구 방화동 187-1호,서울특별시 강서구 방화대로34길 83 (방화동),"X :126.820823, Y :37.5710056"
77,백화점,롯데백화점,서울특별시 강남구 대치동,127.053266,37.4969443,롯데백화점(강남점),서울특별시 강남구 대치동 937호,서울특별시 강남구 도곡로 401 (대치동),"X :127.053266, Y :37.4969443"
78,대형슈퍼,홈플러스 익스프레스,서울특별시 성동구 왕십리동,127.032531,37.5627063,홈플러스(주) 익스프레스 왕십리점,서울특별시 성동구 왕십리동 966-11호,서울특별시 성동구 왕십리로 333 (하왕십리동),"X :127.032531, Y :37.5627063"
79,지역시장,금남시장,서울특별시 성동구 금호동3가,127.022714,37.5485449,금남시장,서울특별시 성동구 금호동3가 332번지,서울특별시 성동구 독서당로 303-11 (금호동3가),"X :127.022714, Y :37.5485449"
80,지역시장,서울풍물시장,서울특별시 동대문구 신설동,127.02546,37.5728621,서울풍물시장,서울특별시 동대문구 신설동 109-5호,서울특별시 동대문구 천호대로4길 21 (신설동),"X :127.025460, Y :37.5728621"
81,지역시장,마장축산물시장,서울특별시 성동구 마장동,127.038386,37.5697233,마장축산물시장,서울특별시 성동구 마장동 510-3호 일대,"서울특별시 성동구 마장로31길 40 (마장동,일대)","X :127.038386, Y :37.5697233"
82,대형할인마트,이마트,서울특별시 성동구 행당동,127.038416,37.5610558,(주)이마트 왕십리점,서울특별시 성동구 행당동 168-1호,서울특별시 성동구 왕십리광장로 17 (행당동),"X :127.038416, Y :37.5610558"
83,대형슈퍼,홈플러스 익스프레스,서울특별시 성동구 금호동3가,127.017474,37.5493206,홈플러스(주) 익프스레스 금호2점,서울특별시 성동구 금호동3가 1331번지,서울특별시 성동구 동호로 100 (금호동3가),"X :127.017474, Y :37.5493206"
84,대형슈퍼,홈플러스 익스프레스,서울특별시 성동구 금호동1가,127.020882,37.5544557,홈플러스(주) 익스프레스 금호점,서울특별시 성동구 금호동1가 481-5호,서울특별시 성동구 행당로 6 (금호동1가),"X :127.020882, Y :37.5544557"
85,대형할인마트,노브랜드,서울특별시 성동구 행당동,127.040089,37.5571359,노브랜드 엔터식스한양대점,서울특별시 성동구 행당동 155-1호 서울숲 더샵,"서울특별시 성동구 왕십리로 241 (행당동, 서울숲 더샵)","X :127.040089, Y :37.5571359"
86,대형슈퍼,홈플러스 익스프레스,서울특별시 성동구 성수동1가,127.044316,37.5475209,홈플러스익스프레스 뚝섬2점,서울특별시 성동구 성수동1가 656-1208 성수만세주유소,"서울특별시 성동구 왕십리로 109, 성수만세주유소 (성수동1가)","X :127.044316, Y :37.5475209"
87,대형슈퍼,롯데슈퍼,서울특별시 동대문구 장안동,127.070691,37.5814937,롯데쇼핑(주) 롯데슈퍼 장안점,서울특별시 동대문구 장안동 94-27호 외1필지 예신프라자,서울특별시 동대문구 한천로46길 42 (장안동),"X :127.070691, Y :37.5814937"
88,대형슈퍼,롯데슈퍼,서울특별시 동대문구 전농동,127.060442,37.576625,롯데쇼핑(주) 롯데슈퍼 전농점,서울특별시 동대문구 전농동 10-외7필지 전농sk아파트 주상가동,"서울특별시 동대문구 사가정로 148 (전농동, SK아파트)","X :127.060442, Y :37.5766250"
89,대형할인마트,롯데마트,서울특별시 동대문구 전농동,127.046973,37.5809647,롯데쇼핑(주)롯데마트 청량리점,서울특별시 동대문구 전농동 591-53호,서울특별시 동대문구 왕산로 214 (전농동),"X :127.046973, Y :37.5809647"
90,지역시장,노룬산시장,서울특별시 광진구 자양동,127.064845,37.5364745,노룬산시장,서울특별시 광진구 자양동 44-2호,서울특별시 광진구 뚝섬로 491 (자양동),"X :127.064845, Y :37.5364745"
91,지역시장,조양시장,서울특별시 광진구 자양동,127.06737,37.5388787,조양시장,서울특별시 광진구 자양동 6-20호,서울특별시 광진구 아차산로30길 39 (자양동),"X :127.067370, Y :37.5388787"
92,지역시장,중곡제일시장,서울특별시 광진구 중곡동,127.081292,37.5638997,중곡제일시장,서울특별시 광진구 중곡동 229-5호,서울특별시 광진구 긴고랑로11길 11 (중곡동),"X :127.081292, Y :37.5638997"
93,지역시장,신성종합시장,서울특별시 광진구 중곡동,127.088721,37.5579659,신성종합시장,서울특별시 광진구 중곡동 79-13호,서울특별시 광진구 영화사로 12 (중곡동),"X :127.088721, Y :37.5579659"
94,지역시장,자양종합시장,서울특별시 광진구 자양동,127.076415,37.5319807,자양종합시장,서울특별시 광진구 자양동 602호,서울특별시 광진구 자양번영로6길 20 (자양동),"X :127.076415, Y :37.5319807"
95,대형슈퍼,홈플러스 익스프레스,서울특별시 광진구 중곡동,127.080006,37.5576117,홈플러스(주)익스프레스 중곡점,서울특별시 광진구 중곡동 157-1호,서울특별시 광진구 능동로 314 (중곡동),"X :127.080006, Y :37.5576117"
96,대형슈퍼,홈플러스 익스프레스,서울특별시 광진구 중곡동,127.088898,37.554488,홈플러스익스프레스 중곡2점,서울특별시 광진구 중곡동 93-2호,서울특별시 광진구 용마산로 10 (중곡동),"X :127.088898, Y :37.5544880"
97,대형슈퍼,GS슈퍼,서울특별시 광진구 화양동,127.069875,37.5434904,(주)지에스리테일GS수퍼 광진화양점,서울특별시 광진구 화양동 10-1호,서울특별시 광진구 능동로13길 39 (화양동),"X :127.069875, Y :37.5434904"
98,대형할인마트,이마트,서울특별시 광진구 자양동,127.072529,37.5378396,(주)이마트 자양점,서울특별시 광진구 자양동 227-7호,서울특별시 광진구 아차산로 272 (자양동),"X :127.072529, Y :37.5378396"
99,지역시장,한아름시장,서울특별시 광진구 화양동,127.069875,37.5434904,한아름시장,서울특별시 광진구 화양동 10-1호,서울특별시 광진구 능동로13길 39 (화양동),"X :127.069875, Y :37.5434904"
100,지역시장,광성시장,서울특별시 광진구 중곡동,127.081121,37.5635845,광성시장,서울특별시 광진구 중곡동 229-15호,서울특별시 광진구 능동로47길 30 (중곡동),"X :127.081121, Y :37.5635845"
101,대형할인마트,홈플러스,서울특별시 동대문구 용두동,127.038773,37.5744985,홈플러스(주) 동대문점,서울특별시 동대문구 용두동 33-1호,서울특별시 동대문구 천호대로 133 (용두동),"X :127.038773, Y :37.5744985"
102,대형슈퍼,홈플러스 익스프레스,서울특별시 광진구 구의동,127.094245,37.5405185,홈플러스익스프레스 구의2점,서울특별시 광진구 구의동 212-2호,서울특별시 광진구 아차산로 473 (구의동),"X :127.094245, Y :37.5405185"
103,대형슈퍼,이마트 에브리데이,서울특별시 동대문구 이문동,127.061874,37.5984732,(주)이마트에브리데이 이문점,서울특별시 동대문구 이문동 292-10호,서울특별시 동대문구 이문로 136 (이문동),"X :127.061874, Y :37.5984732"
104,지역시장,전곡시장,서울특별시 동대문구 장안동,127.068548,37.577873,전곡시장,서울특별시 동대문구 장안동 108-5,서울특별시 동대문구 한천로 190(장안동),"X :127.068548, Y :37.5778730"
105,지역시장,이경시장,서울특별시 동대문구 휘경동,127.066004,37.5945877,이경시장,서울특별시 동대문구 휘경동 151-3,서울특별시 동대문구 휘경로 53(휘경동),"X :127.066004, Y :37.5945877"
106,지역시장,이문제일시장,서울특별시 동대문구 이문동,127.061874,37.5984732,이문제일시장,서울특별시 동대문구 이문동 292-10호,서울특별시 동대문구 이문로 136 (이문동),"X :127.061874, Y :37.5984732"
107,지역시장,용두시장,서울특별시 동대문구 용두동,127.029503,37.5783843,용두시장,서울특별시 동대문구 용두동 231-5,서울특별시 동대문구 무학로37길 12(용두동),"X :127.029503, Y :37.5783843"
108,지역시장,동서시장,서울특별시 동대문구 제기동,127.041255,37.5797054,동서시장,서울특별시 동대문구 제기동 650,서울특별시 동대문구 왕산로33길 13,"X :127.041255, Y :37.5797054"
109,지역시장,전농로타리시장,서울특별시 동대문구 전농동,127.057058,37.5780231,전농로타리시장,서울특별시 동대문구 전농동 295-52호,서울특별시 동대문구 전농로 147 (전농동),"X :127.057058, Y :37.5780231"
110,지역시장,동부시장,서울특별시 동대문구 답십리동,127.052285,37.5676098,동부시장,서울특별시 동대문구 답십리동 495-1,서울특별시 동대문구 천호대로 281(답십리동),"X :127.052285, Y :37.5676098"
111,대형슈퍼,홈플러스 익스프레스,서울특별시 동대문구 회기동,127.052846,37.5932607,홈플러스 익스프레스 서울회기점,서울특별시 동대문구 회기동 33-1,서울특별시 동대문구 경희대로 20 (회기동),"X :127.052846, Y :37.5932607"
112,대형슈퍼,이마트 에브리데이,서울특별시 동대문구 답십리동,127.053145,37.5676545,(주)이마트에브리데이 답십리점,서울특별시 동대문구 답십리동 530-11,서울특별시 동대문구 고미술로 49 (답십리동),"X :127.053145, Y :37.5676545"
113,대형할인마트,노브랜드,서울특별시 동대문구 장안동,127.062482,37.5664788,노브랜드 동대문 장안점,서울특별시 동대문구 장안동 580번지,서울특별시 동대문구 한천로 42 (장안동),"X :127.062482, Y :37.5664788"
114,대형슈퍼,홈플러스 익스프레스,서울특별시 중랑구 중화동,127.077445,37.599275,홈플러스(주) 익스프레스 태릉점,서울특별시 중랑구 중화동 314-1호,서울특별시 중랑구 동일로129길 35 (중화동),"X :127.077445, Y :37.5992750"
115,대형슈퍼,홈플러스 익스프레스,서울특별시 중랑구 면목3.8동,127.088038,37.583987,홈플러스(주)익스프레스 면목점,서울특별시 중랑구 면목3.8동 499-4호,서울특별시 중랑구 면목로 357 (면목동),"X :127.088038, Y :37.5839870"
116,대형슈퍼,홈플러스 익스프레스,서울특별시 중랑구 망우동,127.100201,37.5949244,홈플러스(주)익스프레스 망우점,서울특별시 중랑구 망우동 410-1호,서울특별시 중랑구 용마산로 494 (망우동),"X :127.100201, Y :37.5949244"
117,대형슈퍼,이마트 에브리데이,서울특별시 중랑구 면목7동,127.086278,37.5795284,(주)이마트에브리데이 면목동점,서울특별시 중랑구 면목7동 650-카멜리아 쇼핑센타 1층,서울특별시 중랑구 면목로39길 11 (면목동),"X :127.086278, Y :37.5795284"
118,대형할인마트,홈플러스,서울특별시 중랑구 신내동,127.093738,37.6157785,홈플러스 신내점,서울특별시 중랑구 신내동 645번지,서울특별시 중랑구 신내로 201 (신내동),"X :127.093738, Y :37.6157785"
119,대형할인마트,홈플러스,서울특별시 중랑구 면목동,127.081399,37.5800274,홈플러스(주)면목점,서울특별시 중랑구 면목동 168-2호,서울특별시 중랑구 사가정로 332 (면목동),"X :127.081399, Y :37.5800274"
120,대형할인마트,이마트,서울특별시 중랑구 망우동,127.093488,37.5964075,주식회사 이마트 상봉점,서울특별시 중랑구 망우동 506-1호,서울특별시 중랑구 상봉로 118 (망우동),"X :127.093488, Y :37.5964075"
121,대형할인마트,이마트,서울특별시 중랑구 묵동,127.077528,37.6138259,주식회사 이마트 묵동점,서울특별시 중랑구 묵동 170-1호 외 35필지,서울특별시 중랑구 동일로 932 (묵동),"X :127.077528, Y :37.6138259"
122,대형할인마트,홈플러스,서울특별시 중랑구 상봉동,127.090342,37.5980767,홈플러스(주) 서울 상봉점,서울특별시 중랑구 상봉동 500번지,"서울특별시 중랑구 망우로 353-0 (상봉동, 프레미어스 엠코)","X :127.090342, Y :37.5980767"
123,대형할인마트,코스트코,서울특별시 중랑구 상봉동,127.090193,37.5968515,코스트코홀세일 상봉점,서울특별시 중랑구 상봉동 81호,서울특별시 중랑구 망우로 336 (상봉동),"X :127.090193, Y :37.5968515"
124,대형슈퍼,홈플러스 익스프레스,서울특별시 성북구 보문동7가,127.021444,37.5807465,홈플러스익스프레스 보문점,서울특별시 성북구 보문동7가 25-1호,서울특별시 성북구 보문로 61 (보문동7가),"X :127.021444, Y :37.5807465"
125,대형슈퍼,홈플러스 익스프레스,서울특별시 성북구 길음동,127.018167,37.6101462,홈플러스익스프레스 길음점,서울특별시 성북구 길음동 1285-두산아파트상가,서울특별시 성북구 길음로13길 22 (길음동),"X :127.018167, Y :37.6101462"
126,지역시장,보문시장,서울특별시 성북구 보문동4가,127.020833,37.5843596,보문시장(주),서울특별시 성북구 보문동4가 116,서울특별시 성북구 인촌로2길 37 (보문동4가),"X :127.020833, Y :37.5843596"
127,지역시장,장위전통시장,서울특별시 성북구 장위동,127.051464,37.6105332,장위전통시장,서울특별시 성북구 장위동 68-185,서울특별시 성북구 장위로38길 63,"X :127.051464, Y :37.6105332"
128,대형할인마트,이마트,서울특별시 성북구 하월곡동,127.031076,37.6050441,이마트 하월곡점,서울특별시 성북구 하월곡동 230-동일하이빌뉴시티아파트,"서울특별시 성북구 종암로 167 (하월곡동, 동일하이빌뉴시티아파트)","X :127.031076, Y :37.6050441"
129,대형슈퍼,GS슈퍼,서울특별시 성북구 보문동6가,127.020877,37.5786834,(주)지에스리테일 성북보문점,서울특별시 성북구 보문동6가 458,"서울특별시 성북구 보문사길 111 (보문동6가, 보문파크뷰자이)","X :127.020877, Y :37.5786834"
130,지역시장,보문시장,서울특별시 성북구 보문동4가,127.020188,37.5841885,보문시장,서울특별시 성북구 보문동4가 2-3,서울특별시 성북구 보문로 100-1,"X :127.020188, Y :37.5841885"
131,지역시장,미아시장,서울특별시 성북구 하월곡동,127.030454,37.6072337,미아시장,서울특별시 성북구 하월곡동 88-494,서울특별시 성북구 동소문로46길 31,"X :127.030454, Y :37.6072337"
132,지역시장,석관시장,서울특별시 성북구 석관동,127.060275,37.6091777,석관시장,서울특별시 성북구 석관동 270-1,서울특별시 성북구 돌곶이로22가길 27,"X :127.060275, Y :37.6091777"
133,지역시장,새석관시장,서울특별시 성북구 석관동,127.052663,37.6081992,새석관시장,서울특별시 성북구 석관동 338-18,서울특별시 성북구 화랑로 196,"X :127.052663, Y :37.6081992"
134,지역시장,번동시장,서울특별시 성북구 장위동,127.047949,37.6212383,번동시장,서울특별시 성북구 장위동 301,서울특별시 성북구 한천로101길 59,"X :127.047949, Y :37.6212383"
135,백화점,현대백화점,서울특별시 성북구 길음동,127.028699,37.6083603,현대백화점 미아점,서울특별시 성북구 길음동 20-1호,"서울특별시 성북구 동소문로 315 (길음동, 현대백화점미아점)","X :127.028699, Y :37.6083603"
136,지역시장,길음시장,서울특별시 성북구 길음동,127.021744,37.6026945,길음시장,서울특별시 성북구 길음동 535-8호,서울특별시 성북구 동소문로 227 (길음동),"X :127.021744, Y :37.6026945"
137,대형할인마트,이마트,서울특별시 성북구 길음동,127.029538,37.610964,신세계이마트미아점,서울특별시 성북구 길음동 25-2,서울특별시 성북구 도봉로 17,"X :127.029538, Y :37.6109640"
138,대형할인마트,홈플러스,서울특별시 성북구 월곡동,127.040429,37.6018068,홈플러스 월곡점,서울특별시 성북구 월곡동 46-73호,"서울특별시 성북구 화랑로 76 (하월곡동, 코업스타클래스)","X :127.040429, Y :37.6018068"
139,대형슈퍼,GS슈퍼,서울특별시 성북구 돈암동,127.010294,37.5947943,GS슈퍼마켓 동소문점,서울특별시 성북구 돈암동 609-1,"서울특별시 성북구 성북로4길 52 (돈암동, 한진아파트)","X :127.010294, Y :37.5947943"
140,대형슈퍼,GS슈퍼,서울특별시 성북구 돈암동,127.017768,37.5978568,GS슈퍼마켓 돈암점,서울특별시 성북구 돈암동 636번지,"서울특별시 성북구 북악산로 844 (돈암동, 돈암이수브라운스톤아파트)","X :127.017768, Y :37.5978568"
141,대형슈퍼,GS슈퍼,서울특별시 성북구 길음동,127.017963,37.6074343,GS슈퍼마켓 길음뉴타운점,서울특별시 성북구 길음동 1284-삼성래미안3차아파트,"서울특별시 성북구 길음로 33 (길음동, 길음뉴타운8단지아파트)","X :127.017963, Y :37.6074343"
142,대형슈퍼,GS슈퍼,서울특별시 성북구 길음동,127.017952,37.610858,GS수퍼마켓 길음점,서울특별시 성북구 길음동 1280-6호,서울특별시 성북구 길음로 103 (길음동),"X :127.017952, Y :37.6108580"
143,대형슈퍼,롯데슈퍼,서울특별시 성북구 월곡동,127.038822,37.604195,롯데슈퍼하월곡점,서울특별시 성북구 월곡동 62-1호,서울특별시 성북구 오패산로4길 17,"X :127.038822, Y :37.6041950"
144,대형슈퍼,홈플러스 익스프레스,서울특별시 성북구 삼선동1가,127.006523,37.5878569,홈플러스익스프레스 삼선점,서울특별시 성북구 삼선동1가 21번지,서울특별시 성북구 삼선교로 6 (삼선동1가),"X :127.006523, Y :37.5878569"
145,지역시장,돈암시장,서울특별시 성북구 동소문동5가,127.015898,37.5915232,돈암시장,서울특별시 성북구 동소문동5가 59-2호 돈암제일시장 고객편의센터,"서울특별시 성북구 동소문로18길 18, 돈암제일시장 고객편의센터 (동소문동5가)","X :127.015898, Y :37.5915232"
146,지역시장,수유시장,서울특별시 강북구 수유동,127.022647,37.6306519,수유시장,서울특별시 강북구 수유동 54-5호 수유시장,"서울특별시 강북구 도봉로67길 18, 수유시장 (수유동)","X :127.022647, Y :37.6306519"
147,지역시장,수유중앙시장,서울특별시 강북구 수유동,127.021301,37.6403286,수유중앙시장,서울특별시 강북구 수유동 32-2호 수유중앙시장,"서울특별시 강북구 노해로17길 21, 수유중앙시장 (수유동)","X :127.021301, Y :37.6403286"
148,대형할인마트,하나로마트,서울특별시 강북구 미아동,127.026699,37.6216142,(주)농협유통 미아점,서울특별시 강북구 미아동 318-5,서울특별시 강북구 도봉로33길 18 (미아동),"X :127.026699, Y :37.6216142"
149,대형슈퍼,홈플러스 익스프레스,서울특별시 강북구 미아동,127.027323,37.6241999,홈플러스(주)익스프레스미아점,서울특별시 강북구 미아동 126-3,서울특별시 강북구 도봉로 172 (미아동),"X :127.027323, Y :37.6241999"
150,지역시장,북부시장,서울특별시 강북구 번동,127.030318,37.6362183,북부시장,서울특별시 강북구 번동 413-3호,서울특별시 강북구 한천로123길 26 (번동),"X :127.030318, Y :37.6362183"
151,지역시장,동북시장,서울특별시 강북구 미아동,127.018543,37.6201921,동북시장,서울특별시 강북구 미아동 701-3호 동북프라자,"서울특별시 강북구 솔샘로 233, 동북프라자 (미아동)","X :127.018543, Y :37.6201921"
152,지역시장,우이시장,서울특별시 강북구 수유동,127.019943,37.645969,우이시장,서울특별시 강북구 수유동 270-185,서울특별시 강북구 노해로23길 68 (수유동),"X :127.019943, Y :37.6459690"
153,지역시장,숭인시장,서울특별시 강북구 미아동,127.029618,37.6130812,숭인시장,서울특별시 강북구 미아동 58,서울특별시 강북구 도봉로 45 (미아동),"X :127.029618, Y :37.6130812"
154,지역시장,강북종합시장,서울특별시 강북구 수유동,127.025471,37.6421568,강북종합시장,서울특별시 강북구 수유동 179-5,서울특별시 강북구 한천로148길 12-13 (수유동),"X :127.025471, Y :37.6421568"
155,지역시장,수유북부시장,서울특별시 강북구 수유동,127.016202,37.6362119,수유북부시장,서울특별시 강북구 수유동 405-5,서울특별시 강북구 삼양로91길 11-12 (수유동),"X :127.016202, Y :37.6362119"
156,지역시장,강북 북부시장,서울특별시 강북구 번동,127.030318,37.6362183,강북 북부시장,서울특별시 강북구 번동 413-3,서울특별시 강북구 한천로123길 26 (번동),"X :127.030318, Y :37.6362183"
157,대형슈퍼,GS슈퍼,서울특별시 강북구 미아동,127.018916,37.6179306,(주)지에스리테일GS수퍼 강북미아점,서울특별시 강북구 미아동 1357-6,서울특별시 강북구 삼양로27길 35-21 (미아동),"X :127.018916, Y :37.6179306"
158,대형슈퍼,이마트 에브리데이,서울특별시 강북구 미아동,127.026824,37.6226593,(주)이마트에브리데이 미아동점,서울특별시 강북구 미아동 1351번지,"서울특별시 강북구 도봉로 157, 112호 (미아동, 두원프라자)","X :127.026824, Y :37.6226593"
159,대형슈퍼,이마트 에브리데이,서울특별시 도봉구 창동,127.035216,37.6434789,(주)이마트에브리데이 창동점,서울특별시 도봉구 창동 628-20,서울특별시 도봉구 도봉로104길 53 (창동),"X :127.035216, Y :37.6434789"
160,백화점,롯데백화점,서울특별시 강북구 미아동,127.030502,37.6141982,롯데백화점 미아점,서울특별시 강북구 미아동 70-6,서울특별시 강북구 도봉로 62 (미아동),"X :127.030502, Y :37.6141982"
161,대형슈퍼,GS슈퍼,서울특별시 도봉구 방학동,127.027268,37.660221,GS THE FRESH 방학신동아점,서울특별시 도봉구 방학동 484-7,"서울특별시 도봉구 시루봉로 103-1, 1층 (방학동)","X :127.027268, Y :37.6602210"
162,대형슈퍼,이마트 에브리데이,서울특별시 도봉구 창동,127.035216,37.6434789,(주)에브리데이리테일 창동점,서울특별시 도봉구 창동 628-20,서울특별시 도봉구 도봉로104길 53 (창동),"X :127.035216, Y :37.6434789"
163,지역시장,개봉중앙시장,서울특별시 구 로구 개봉동,126.85401,37.4916831,개봉중앙시장,서울특별시 구로구 개봉동 324-1,서울특별시구로구 개봉로17길 34 중앙시장,"X :126.854010, Y :37.4916831"
164,대형할인마트,홈플러스,서울특별시 도봉구 방학동,127.043715,37.6648293,홈플러스(주)방학점,서울특별시 도봉구 방학동 707-7,서울특별시 도봉구 도봉로 678 (방학동),"X :127.043715, Y :37.6648293"
165,대형할인마트,이마트,서울특별시 도봉구 창동,127.047311,37.652007,(주) 이마트 창동점,서울특별시 도봉구 창동 135-26,서울특별시 도봉구 노해로65길 4 (창동),"X :127.047311, Y :37.6520070"
166,지역시장,모래내시장,서울특별시 서대문구 남가좌동,126.915829,37.5705181,모래내시장(주),서울특별시 서대문구 남가좌동 290-2,서울특별시 서대문구 수색로2길 45 (남가좌동),"X :126.915829, Y :37.5705181"
167,대형슈퍼,이마트 에브리데이,서울특별시 노원구 중계동,127.075716,37.6590382,(주)이마트에브리데이 상계역점,서울특별시 노원구 중계동 160-1 기업은행,"서울특별시 노원구 덕릉로 690, 1층 (중계동)","X :127.075716, Y :37.6590382"
168,대형슈퍼,홈플러스 익스프레스,서울특별시 노원구 공릉동,127.071255,37.6281284,홈플러스(주)익스프레스 공릉점,서울특별시 노원구 공릉동 323-35,서울특별시 노원구 동일로 1101 (공릉동),"X :127.071255, Y :37.6281284"
169,대형슈퍼,GS슈퍼,서울특별시 노원구 월계동,127.06855,37.6177867,(주)지에스리테일 GS슈퍼 노원월계점,서울특별시 노원구 월계동 18-그랑빌아파트주상가 지층동 101호,서울특별시 노원구 마들로 31 (월계동),"X :127.068550, Y :37.6177867"
170,대형슈퍼,이마트 에브리데이,서울특별시 노원구 공릉동,127.083584,37.6207954,(주)이마트에브리데이 공릉동점,서울특별시 노원구 공릉동 89-1호대덕프라자 지층 101~102호,서울특별시 노원구 노원로1길 67 (공릉동),"X :127.083584, Y :37.6207954"
171,대형할인마트,홈플러스,서울특별시 노원구 중계동,127.068581,37.6399057,홈플러스(주) 중계점,서울특별시 노원구 중계동 509-2,서울특별시 노원구 동일로204가길 12 (중계동),"X :127.068581, Y :37.6399057"
172,대형할인마트,롯데마트,서울특별시 노원구 중계동,127.071171,37.6465534,롯데마트 중계점,서울특별시 노원구 중계동 517,"서울특별시 노원구 노원로 330 (중계동, 롯데마트)","X :127.071171, Y :37.6465534"
173,백화점,건영옴니백화점,서울특별시 노원구 중계동,127.064728,37.6388087,건영옴니백화점,서울특별시 노원구 중계동 506-1,서울특별시 노원구 섬밭로 258,"X :127.064728, Y :37.6388087"
174,대형슈퍼,GS슈퍼,서울특별시 노원구 상계동,127.065543,37.6640986,(주)지에스리테일 GS수퍼상계점,서울특별시 노원구 상계동 684번지,서울특별시 노원구 한글비석로 471 (상계동),"X :127.065543, Y :37.6640986"
175,대형슈퍼,홈플러스 익스프레스,서울특별시 용강동122-16,126.941141,37.5411343,홈플러스익스프레스 용강점,서울특별시 용강동 122-16,서울특별시 마포구 토정로32길 4,"X :126.941141, Y :37.5411343"
176,대형슈퍼,홈플러스 익스프레스,서울특별시 노원구 중계동,127.074313,37.6498131,홈플러스(주)익스프레스 중계점,서울특별시 노원구 중계동 360-2,서울특별시 노원구 중계로 225 (중계동),"X :127.074313, Y :37.6498131"
177,지역시장,수일시장,서울특별시 은평구 수색동,126.895176,37.5828719,수일시장,서울특별시 은평구 수색동 205-21,서울특별시 은평구 수색로16길 5-1,"X :126.895176, Y :37.5828719"
178,지역시장,개봉제일시장,서울특별시 구 로구 개봉동,126.853422,37.4859519,개봉제일시장,서울특별시 구로구 개봉동 361-1,서울특별시 구로구 개봉로3길 51,"X :126.853422, Y :37.4859519"
179,지역시장,연서시장,서울특별시 은평구 불광동,126.921539,37.6192924,연서시장,서울특별시 은평구 불광동 310-131 호,서울특별시 은평구 통일로 850 (불광동),"X :126.921539, Y :37.6192924"
180,대형슈퍼,롯데슈퍼,서울특별시 은평구 불광동,126.92188,37.6185899,롯데쇼핑(주)롯데슈퍼범서점,서울특별시 은평구 불광동 308-1호,서울특별시 은평구 통일로 842 (불광동),"X :126.921880, Y :37.6185899"
181,지역시장,응암시장,서울특별시 은평구 응암동,126.918542,37.5943781,응암시장,서울특별시 은평구 응암동 427-126호,서울특별시 은평구 응암로 252 (응암동),"X :126.918542, Y :37.5943781"
182,대형슈퍼,홈플러스 익스프레스,서울특별시 은평구 신사동,126.910316,37.598868,홈플러스(주)익스프레스 신사점,서울특별시 은평구 신사동 20-7호,서울특별시 은평구 갈현로 10 (신사동),"X :126.910316, Y :37.5988680"
183,대형슈퍼,홈플러스 익스프레스,서울특별시 은평구 갈현동,126.90964,37.614932,홈플러스 익스프레스 갈현점,서울특별시 은평구 갈현동 527-13호,서울특별시 은평구 서오릉로 222 (갈현동),"X :126.909640, Y :37.6149320"
184,대형할인마트,이마트,서울특별시 은평구 수색동,126.898634,37.5795773,(주)이마트 수색점,서울특별시 은평구 수색동 75번지,서울특별시 은평구 수색로 217 (수색동),"X :126.898634, Y :37.5795773"
185,대형할인마트,이마트,서울특별시 은평구 응암동,126.920257,37.6004159,(주)이마트 은평점,서울특별시 은평구 응암동 90-1호,서울특별시 은평구 은평로 111 (응암동),"X :126.920257, Y :37.6004159"
186,대형슈퍼,홈플러스 익스프레스,서울특별시 은평구 구산동,126.916542,37.6114143,홈플러스(주)익스프레스구산점,서울특별시 은평구 구산동 1-24호,서울특별시 은평구 서오릉로 145 (구산동),"X :126.916542, Y :37.6114143"
187,대형슈퍼,홈플러스 익스프레스,서울특별시 은평구 응암동,126.917818,37.5942425,홈플러스(주)익스프레스응암점,서울특별시 은평구 응암동 124-17호,서울특별시 은평구 응암로 247 (응암동),"X :126.917818, Y :37.5942425"
188,대형슈퍼,홈플러스 익스프레스,서울특별시 은평구 불광동,126.932754,37.6176687,홈플러스(주)익스프레스 불광점,서울특별시 은평구 불광동 239-9호,서울특별시 은평구 불광로 121 (불광동),"X :126.932754, Y :37.6176687"
189,지역시장,대조시장,서울특별시 은평구 대조동,126.927597,37.609782,대조시장,서울특별시 은평구 대조동 12-4,서울특별시 은평구 불광로 11-1,"X :126.927597, Y :37.6097820"
190,지역시장,불광시장,서울특별시 은평구 대조동,126.928141,37.6095571,불광시장(주),서울특별시 은평구 대조동 14-140,서울특별시 은평구 불광로 16-4,"X :126.928141, Y :37.6095571"
191,종합쇼핑몰,롯데몰,서울특별시 은평구 진관동,126.919161,37.6392025,롯데몰 은평,서울특별시 은평구 진관동 79-15호,"서울특별시 은평구 통일로 1050 (진관동, 롯데몰은평점)","X :126.919161, Y :37.6392025"
192,지역시장,서부종합시장,서울특별시 은평구 역촌동,126.918941,37.6029558,서부종합시장,서울특별시 은평구 역촌동 31-6호,서울특별시 은평구 진흥로1길 28 (역촌동),"X :126.918941, Y :37.6029558"
193,백화점,현대백화점,서울특별시 서대문구 창천동,126.935787,37.556097,현대백화점 신촌점,서울특별시 서대문구 창천동 30-33호,서울특별시 서대문구 신촌로 83 (창천동),"X :126.935787, Y :37.5560970"
194,대형슈퍼,GS슈퍼,서울특별시 서대문구 북가좌동,126.910217,37.5778749,(주)GS리테일 북가좌점,서울특별시 서대문구 북가좌동 306-17,서울특별시 서대문구 응암로 54 (북가좌동),"X :126.910217, Y :37.5778749"
195,대형슈퍼,GS슈퍼,서울특별시 마포구 신수동,126.934366,37.5510416,GS THE FRESH 신촌숲아이파크점,서울특별시 마포구 신수동 93-102호 신촌숲아이파크,"서울특별시 마포구 광성로 17, 상가동 127호 (신수동, 신촌숲아이파크)","X :126.934366, Y :37.5510416"
196,대형슈퍼,이마트 에브리데이,서울특별시 서대문구 홍은동,126.947323,37.5990259,이마트에브리데이 홍은점,서울특별시 서대문구 홍은동 11-419,서울특별시 서대문구 홍은중앙로 89(홍은동),"X :126.947323, Y :37.5990259"
197,대형슈퍼,GS슈퍼,서울특별시 서대문구 남가좌동,126.917442,37.5761053,GS THE FRESH 남가좌디엠씨점,서울특별시 서대문구 남가좌동 390 래미안 루센티아,"서울특별시 서대문구 거북골로 100, 지하3층 32,33,34,35호 (남가좌동, 래미안 루센티아)","X :126.917442, Y :37.5761053"
198,대형슈퍼,롯데슈퍼,서울특별시 서대문구 홍제동,126.942459,37.5913832,롯데슈퍼 유진점(X),서울특별시 서대문구 홍제동 294-46호 유진상가,"서울특별시 서대문구 통일로 484, 유진상가 (홍제동)","X :126.942459, Y :37.5913832"
199,대형슈퍼,홈플러스 익스프레스,서울특별시 서대문구 북가좌동,126.913608,37.5824365,홈플러스(주) 익스프레스 북가좌점,서울특별시 서대문구 북가좌동 279-11호,서울특별시 서대문구 응암로 112 (북가좌동),"X :126.913608, Y :37.5824365"
200,대형슈퍼,GS슈퍼,서울특별시 마포구 염리동,126.947673,37.5529495,GS THE FRESH 마포염리점,서울특별시 마포구 염리동 14-149,"서울특별시 마포구 대흥로24길 24, 마포 프레스티지 자이 아파트 단지 내 상가 A동 115~119호 (염리동)","X :126.947673, Y :37.5529495"
201,대형슈퍼,홈플러스 익스프레스,서울특별시 마포구 연남동,126.920885,37.5638723,홈플러스익스프레스 연남점,서울특별시 마포구 연남동 573-코오롱아파트,"서울특별시 마포구 연남로 30 (연남동, 코오롱하늘채아파트)","X :126.920885, Y :37.5638723"
202,지역시장,마포시장,서울특별시 마포구 공덕동,126.953291,37.5451763,마포시장,서울특별시 마포구 공덕동 256-5호 마포시장,"서울특별시 마포구 마포대로6길 16, 마포시장 (공덕동)","X :126.953291, Y :37.5451763"
203,대형슈퍼,롯데슈퍼,서울특별시 마포구 구수동,126.932481,37.5459589,롯데슈퍼 마포점,서울특별시 마포구 구수동 61번지,서울특별시 마포구 토정로 193 (구수동),"X :126.932481, Y :37.5459589"
204,종합쇼핑몰,AK프라자,서울특별시 마포구 동교동,126.929982,37.5559044,AK PLAZA 홍대,서울특별시 마포구 동교동 190-1호,서울특별시 마포구 양화로 188 (동교동),"X :126.929982, Y :37.5559044"
205,대형할인마트,이마트,서울특별시 마포구 신공덕동,126.953349,37.5424283,(주)이마트 마포점,서울특별시 마포구 신공덕동 173번지,서울특별시 마포구  백범로  212 (신공덕동),"X :126.953349, Y :37.5424283"
206,대형할인마트,홈플러스,서울특별시 마포구 서교동,126.913758,37.55092,홈플러스 합정점,서울특별시 마포구 서교동 490-1호,"서울특별시 마포구 양화로 45 (서교동, 메세나폴리스)","X :126.913758, Y :37.5509200"
207,지역시장,동진시장,서울특별시 마포구 연남동,126.926704,37.5623715,동진시장,서울특별시 마포구 연남동 227-15호,서울특별시 마포구 성미산로 198 (연남동),"X :126.926704, Y :37.5623715"
208,대형할인마트,홈플러스,서울특별시 마포구 성산동,126.897348,37.5682507,홈플러스(주)월드컵점,서울특별시 마포구 성산동 515호 월드컵경기장내,"서울특별시 마포구 월드컵로 240 (성산동,월드컵경기장내)","X :126.897348, Y :37.5682507"
209,지역시장,공덕시장,서울특별시 마포구 공덕동,126.953359,37.5447979,공덕시장,서울특별시 마포구 공덕동 256-10호,서울특별시 마포구 만리재로 19 (공덕동),"X :126.953359, Y :37.5447979"
210,지역시장,합정시장,서울특별시 마포구 합정동,126.91315,37.5482075,합정시장,서울특별시 마포구 합정동 375-1호,서울특별시 마포구 양화진길 5 (합정동),"X :126.913150, Y :37.5482075"
211,지역시장,성산시장,서울특별시 마포구 망원동,126.90533,37.5575808,성산시장,서울특별시 마포구 망원동 423-17,서울특별시 마포구 망원로 75-1,"X :126.905330, Y :37.5575808"
212,지역시장,영진시장,서울특별시 마포구 서교동,126.912658,37.5534509,영진시장,서울특별시 마포구 서교동 485-14호,서울특별시 마포구 동교로12길 21 (서교동),"X :126.912658, Y :37.5534509"
213,지역시장,신수시장,서울특별시 마포구 신수동,126.935548,37.545411,신수시장,서울특별시 마포구 신수동 288-1호,서울특별시 마포구 토정로17길 17 (신수동),"X :126.935548, Y :37.5454110"
214,대형슈퍼,홈플러스 익스프레스,서울특별시 마포구 도화동,126.952594,37.5379681,홈플러스익스프레스 도화점,서울특별시 마포구 도화동 353번지,"서울특별시 마포구 도화4길 73 (도화동, 현대홈타운)","X :126.952594, Y :37.5379681"
215,지역시장,서교시장,서울특별시 마포구 서교동,126.921643,37.5534303,서교시장,서울특별시 마포구 서교동 357-1호,서울특별시 마포구 홍익로3길 20 (서교동),"X :126.921643, Y :37.5534303"
216,지역시장,마포농수산물시장,서울특별시 마포구 성산동,126.898122,37.5650709,마포농수산물시장,서울특별시 마포구 성산동 533-1호,서울특별시 마포구 월드컵로 235 (성산동),"X :126.898122, Y :37.5650709"
217,대형슈퍼,롯데슈퍼,서울특별시 양천구 신정동,126.843241,37.5097792,롯데프레시 신정점,서울특별시 양천구 신정동 1290-4 대우미래사랑5차아파트,"서울특별시 양천구 신정로13길 3, 대우미래사랑5차아파트 103~105호 (신정동)","X :126.843241, Y :37.5097792"
218,대형할인마트,이마트,서울특별시 양천구 신월동,126.828412,37.5397346,(주)이마트 신월점,서울특별시 양천구 신월동 26번지,서울특별시 양천구 화곡로 59 (신월동),"X :126.828412, Y :37.5397346"
219,대형슈퍼,홈플러스 익스프레스,서울특별시 양천구 신정동,126.852882,37.5191261,홈플러스(주)익스프레스 신정점,서울특별시 양천구 신정동 1183-12호,서울특별시 양천구 중앙로 255-1 (신정동),"X :126.852882, Y :37.5191261"
220,대형슈퍼,이마트 에브리데이,서울특별시 양천구 목동,126.87339,37.5321515,(주)이마트에브리데이 목동점,서울특별시 양천구 목동 904-목동4단지아파트 관리동 105호,"서울특별시 양천구 목동서로 130, 관리동 105호 (목동,목동4단지아파트)","X :126.873390, Y :37.5321515"
221,백화점,현대백화점,서울특별시 양천구 목동,126.875017,37.5268373,현대백화점목동점,서울특별시 양천구 목동 916호,서울특별시 양천구 목동동로 257 (목동),"X :126.875017, Y :37.5268373"
222,백화점,행복한백화점,서울특별시 양천구 목동,126.876065,37.5293522,행복한백화점,서울특별시 양천구 목동 917-6호,서울특별시 양천구 목동동로 309 (목동),"X :126.876065, Y :37.5293522"
223,대형할인마트,홈플러스,서울특별시 양천구 목동,126.873258,37.5303133,홈플러스(주)목동점,서울특별시 양천구 목동 919-7호,서울특별시 양천구 목동서로 170 (목동),"X :126.873258, Y :37.5303133"
224,대형슈퍼,GS슈퍼,서울특별시 양천구 신정동,126.86453,37.5082381,(주)지에스리테일 신정2점,서울특별시 양천구 신정동 201-1호 세양청마루2차 지상1층,"서울특별시 양천구 목동남로4길 2 (신정동, 세양청마루2차주상복합)","X :126.864530, Y :37.5082381"
225,대형슈퍼,홈플러스 익스프레스,서울특별시 양천구 목동,126.862596,37.5450055,홈플러스(주)익스프레스 목동2점,서울특별시 양천구 목동 657-21호,서울특별시 양천구 등촌로 172 (목동),"X :126.862596, Y :37.5450055"
226,대형슈퍼,홈플러스 익스프레스,서울특별시 양천구 신정7동,126.86074,37.5150362,홈플러스(주)익스프레스 신정3점,서울특별시 양천구 신정7동 324-10호 굿모닝탑103~108호,"서울특별시 양천구 목동동로 53, 103~108호 (신정동,굿모닝탑)","X :126.860740, Y :37.5150362"
227,대형할인마트,이마트,서울특별시 양천구 목동,126.870369,37.5259763,(주)이마트 목동점,서울특별시 양천구 목동 962-1호 목동트라팰리스 내,서울특별시 양천구 오목로 299 (목동),"X :126.870369, Y :37.5259763"
228,대형슈퍼,이마트 에브리데이,서울특별시 양천구 신정동,126.864353,37.5248523,(주)이마트에브리데이 목동역점,서울특별시 양천구 신정동 995-2,서울특별시 양천구 목동로 183(신정동),"X :126.864353, Y :37.5248523"
229,대형할인마트,노브랜드,서울특별시 강서구 가양동,126.846622,37.5650597,노브랜드 강서가양점,서울특별시 강서구 가양동 54-5호,서울특별시 강서구 양천로 410 (가양동),"X :126.846622, Y :37.5650597"
230,대형슈퍼,이마트 에브리데이,서울특별시 강서구 마곡동,126.825449,37.5680664,이마트에브리데이 마곡점,서울특별시 강서구 마곡동 759-마곡센트럴타워Ⅱ,"서울특별시 강서구 마곡서로 158, 마곡센트럴타워Ⅱ 103~110, 118, 119호 (마곡동)","X :126.825449, Y :37.5680664"
231,대형슈퍼,롯데슈퍼,서울특별시 강서구 마곡동,126.840242,37.5683037,롯데쇼핑㈜ 마켓999 양천향교역가맹점,서울특별시 강서구 마곡동 776-2호 마곡센트럴대방디엠시티오피스텔,"서울특별시 강서구 양천로 344, 마곡센트럴대방디엠시티오피스텔 121-1,2호 (마곡동)","X :126.840242, Y :37.5683037"
232,대형슈퍼,이마트 에브리데이,서울특별시 강서구 가양동,126.843216,37.5699025,㈜이마트에브리데이 양천향교역점,서울특별시 강서구 가양동 1458-9호 동남빌딩,"서울특별시 강서구 허준로 16-12, 동남빌딩 (가양동)","X :126.843216, Y :37.5699025"
233,대형할인마트,노브랜드,서울특별시 강서구 마곡동,126.823571,37.5626396,노브랜드 강서마곡점,서울특별시 강서구 마곡동 768-2호 동익드미라벨복합빌딩,"서울특별시 강서구 마곡서로 101, 동익드미라벨복합빌딩 (마곡동)","X :126.823571, Y :37.5626396"
234,대형슈퍼,이마트 에브리데이,서울특별시 강서구 화곡동,126.847504,37.5489511,(주)이마트에브리데이 화곡동점,서울특별시 강서구 화곡동 982-17,"서울특별시 강서구 화곡로 274 (화곡동, 외4필지 크라운뷰 1층 104~109)","X :126.847504, Y :37.5489511"
235,대형슈퍼,롯데슈퍼,서울특별시 강서구 화곡동,126.839314,37.5423539,롯데쇼핑(주)롯데슈퍼화곡3동점,서울특별시 강서구 화곡동 1051-27호,서울특별시 강서구 강서로 179 (화곡동),"X :126.839314, Y :37.5423539"
236,대형슈퍼,홈플러스 익스프레스,서울특별시 강서구 화곡동,126.83875,37.5414431,홈플러스(주) 익스프레스 화곡점,서울특별시 강서구 화곡동 1065-8호,서울특별시 강서구 화곡로 153 (화곡동),"X :126.838750, Y :37.5414431"
237,지역시장,공항시장,서울특별시 강서구 방화동,126.808405,37.5626068,(주)공항시장,서울특별시 강서구 방화동 620-130,서울특별시 강서구 개화동로31길 24 (방화동),"X :126.808405, Y :37.5626068"
238,대형할인마트,홈플러스,서울특별시 강서구 등촌동,126.854456,37.5585826,홈플러스(주) 강서점,서울특별시 강서구 등촌동 639-11호,서울특별시 강서구  화곡로  398 (등촌동),"X :126.854456, Y :37.5585826"
239,대형할인마트,홈플러스,서울특별시 강서구 가양동,126.850585,37.5640737,홈플러스(주) 가양점,서울특별시 강서구 가양동 18-24호,"서울특별시 강서구 양천로 431 (가양동, 홈플러스)","X :126.850585, Y :37.5640737"
240,지역시장,송화시장,서울특별시 강서구 내발산동,126.835903,37.5495661,송화시장,서울특별시 강서구 내발산동 719-6호,서울특별시 강서구 강서로 267 (내발산동),"X :126.835903, Y :37.5495661"
241,대형슈퍼,홈플러스 익스프레스,서울특별시 강서구 화곡동,126.849295,37.5474938,홈플러스익스프레스 화곡2점,서울특별시 강서구 화곡동 970-2호,서울특별시 강서구 까치산로 106 (화곡동),"X :126.849295, Y :37.5474938"
242,지역시장,고척시장,서울특별시 구 로구 고척동,126.86309,37.5039837,고척시장,서울특별시 구로구 고척동 50-48,서울특별시 구로구 중앙로 64,"X :126.863090, Y :37.5039837"
243,대형할인마트,이마트,서울특별시 영등포구 여의도동,126.925911,37.5181862,(주)이마트 여의도점,서울특별시 영등포구 여의도동 47,서울특별시 영등포구 여의동로3길 10 (여의도동),"X :126.925911, Y :37.5181862"
244,대형할인마트,홈플러스,서울특별시 구 로구 신도림동,126.888347,37.509831,홈플러스(주) 신도림점,서울특별시 구로구 신도림동 337-신도림1차푸르지오,"서울특별시 구로구 경인로 661, 신도림1차푸르지오 (신도림동)","X :126.888347, Y :37.5098310"
245,대형할인마트,이마트,서울특별시 구 로구 구로동,126.890296,37.5069587,(주) 이마트 신도림점,서울특별시 구로구 구로동 3-25호 외 31필지,"서울특별시 구로구 새말로 97 (구로동,외 31필지)","X :126.890296, Y :37.5069587"
246,대형할인마트,이마트,서울특별시 구 로구 구로동,126.897905,37.4843324,(주)이마트 구로점,서울특별시 구로구 구로동 188-26호,서울특별시 구로구 디지털로32길 43 (구로동),"X :126.897905, Y :37.4843324"
247,대형슈퍼,홈플러스 익스프레스,서울특별시 구 로구 개봉동,126.855537,37.4975234,홈플러스 익스프레스 개봉점,서울특별시 구로구 개봉동 156-18호 외 1필지 대림프라자 101호,"서울특별시 구로구 경인로 319 (개봉동,외 1필지 대림프라자 101호)","X :126.855537, Y :37.4975234"
248,대형슈퍼,홈플러스 익스프레스,서울특별시 구 로구 구로동,126.872706,37.4958675,홈플러스 익스프레스 서울구로점,"서울특별시 구로구 구로동 650-4호 SK허브수 제B동 제118호,제119호,제121호~126호","서울특별시  구일로10길 27, B동 1층 (제118호,제119호,제121호~126호)","X :126.872706, Y :37.4958675"
249,지역시장,구로시장,서울특별시 구 로구 구로동,126.885618,37.4896099,구로시장,서울특별시 구로구 구로동 736-1호,서울특별시 구로구 구로동로22길 17-4,"X :126.885618, Y :37.4896099"
250,지역시장,오류시장,서울특별시 구 로구 오류동,126.84345,37.4964898,오류시장,서울특별시 구로구 오류동 38-7호,서울특별시 구로구 경인로19가길 14-1,"X :126.843450, Y :37.4964898"
251,백화점,현대백화점,서울특별시 구 로구 신도림동,126.889592,37.5089852,주식회사 현대백화점 디큐브시티,서울특별시 구로구 신도림동 692번지,서울특별시 구로구 경인로 662 (신도림동),"X :126.889592, Y :37.5089852"
252,대형슈퍼,이마트 에브리데이,서울특별시 구 로구 개봉동,126.85401,37.4916831,(주)이마트에브리데이 개봉동점,"서울특별시 구로구 개봉동 324-1, 324-11,324-131층",서울특별시 구로구 개봉로17길 34 (개봉동),"X :126.854010, Y :37.4916831"
253,대형슈퍼,홈플러스 익스프레스,서울특별시 구 로구 오류동,126.839706,37.4914841,홈플러스 익스프레스 서울오류점,서울특별시 구로구 오류동 160- 외 2필지,"서울특별시 구로구 서해안로 2293 (오류동,외 2필지)","X :126.839706, Y :37.4914841"
254,대형할인마트,이마트,서울특별시 구 로구 구로동,126.897905,37.4843324,이마트구로점,서울특별시 구로구 구로동 188-26호,서울특별시 구로구 디지털로32길 43,"X :126.897905, Y :37.4843324"
255,지역시장,대명합동시장,서울특별시 금천구 시흥동,126.901778,37.4543413,대명합동시장,서울특별시 금천구 시흥동 884-5호,서울특별시 금천구 시흥대로52길 70 (시흥동),"X :126.901778, Y :37.4543413"
256,대형할인마트,홈플러스,서울특별시 금천구 독산동,126.896876,37.4686721,홈플러스(주) 금천점,서울특별시 금천구 독산동 291-7호,서울특별시 금천구 시흥대로 391 (독산동),"X :126.896876, Y :37.4686721"
257,지역시장,푸른터시장,서울특별시 금천구 독산동,126.901396,37.4780464,푸른터시장,서울특별시 금천구 독산동 957번지,서울특별시 금천구 남부순환로120길 23 (독산동),"X :126.901396, Y :37.4780464"
258,대형할인마트,홈플러스,서울특별시 금천구 시흥동,126.900775,37.4518807,홈플러스 시흥점,서울특별시 금천구 시흥동 992-47호,서울특별시 금천구 시흥대로 201 (시흥동),"X :126.900775, Y :37.4518807"
259,대형슈퍼,홈플러스 익스프레스,서울특별시 금천구 가산동,126.893486,37.4755257,홈플러스(주)익스프레스 가산점,서울특별시 금천구 가산동 772,서울특별시 금천구 가산로 106 (가산동),"X :126.893486, Y :37.4755257"
260,지역시장,시흥중앙시장,서울특별시 금천구 시흥동,126.908359,37.4516166,시흥중앙시장,서울특별시 금천구 시흥동 831-6호,서울특별시 금천구 금하로 705 (시흥동),"X :126.908359, Y :37.4516166"
261,대형할인마트,홈플러스,서울특별시 금천구 독산동,126.896876,37.4686721,삼성테스코(주)홈플러스 금천점,서울특별시 금천구 독산동 291-7호,서울특별시 금천구 시흥대로 391 (독산동),"X :126.896876, Y :37.4686721"
262,대형할인마트,홈플러스,서울특별시 영등포구 문래동3가,126.895902,37.5182083,홈플러스(주) 영등포점,서울특별시 영등포구 문래동3가 55-3호,서울특별시 영등포구  당산로  42 (문래동3가),"X :126.895902, Y :37.5182083"
263,대형할인마트,코스트코,서울특별시 영등포구 양평동3가,126.892256,37.5278546,코스트코 홀세일,서울특별시 영등포구 양평동3가 65호,서울특별시 영등포구 선유로 156 (양평동3가),"X :126.892256, Y :37.5278546"
264,대형할인마트,코스트코,서울특별시 영등포구 양평동3가,126.892256,37.5278546,코스트코홀세일,서울특별시 영등포구 양평동3가 65호,서울특별시 영등포구 선유로 156 (양평동3가),"X :126.892256, Y :37.5278546"
265,지역시장,도림시장,서울특별시 영등포구 도림동,126.898277,37.5098221,도림시장,서울특별시 영등포구 도림동 176호,서울특별시 영등포구 도영로 50 도림시장,"X :126.898277, Y :37.5098221"
266,지역시장,양남시장,서울특별시 영등포구 양평동5가,126.892202,37.5422525,양남시장,서울특별시 영등포구 양평동5가 131-2,서울특별시 영등포구 양평로28길 34,"X :126.892202, Y :37.5422525"
267,지역시장,신동시장,서울특별시 영등포구 신길동,126.909524,37.5060111,신동시장,서울특별시 영등포구 신길동 259호,서울특별시 영등포구 가마산로69가길 12,"X :126.909524, Y :37.5060111"
268,지역시장,대신시장,서울특별시 영등포구 신길동,126.917424,37.5110626,대신시장,서울특별시 영등포구 신길동 116-15호,서울특별시 영등포구 도신로60길 7 (신길동),"X :126.917424, Y :37.5110626"
269,지역시장,대림시장,서울특별시 영등포구 대림동,126.899682,37.491551,대림시장,서울특별시 영등포구 대림동 963호,서울특별시 영등포구 디지털로37나길 21,"X :126.899682, Y :37.4915510"
270,지역시장,두암종합시장,서울특별시 영등포구 대림동,126.89806,37.4952797,두암종합시장,서울특별시 영등포구 대림동 717호,서울특별시 영등포구 대림로29길 13 (대림동),"X :126.898060, Y :37.4952797"
271,지역시장,동남시장,서울특별시 영등포구 영등포동5가,126.905649,37.5205862,동남시장,서울특별시 영등포구 영등포동5가 24호,서울특별시 영등포구 영등포로37길 4 (영등포동5가),"X :126.905649, Y :37.5205862"
272,지역시장,영일시장,서울특별시 영등포구 문래동3가,126.900622,37.5153562,영일시장,서울특별시 영등포구 문래동3가 16호,서울특별시 영등포구 문래로30길 27,"X :126.900622, Y :37.5153562"
273,대형할인마트,이마트,서울특별시 영등포구 여의도동,126.925911,37.5181862,신세계 이마트 여의도점,서울특별시 영등포구 여의도동 47-여의도자이(아) 지하 1층,"서울특별시 영등포구 여의동로3길 10 (여의도동,여의도자이(아) 지하 1층)","X :126.925911, Y :37.5181862"
274,종합쇼핑몰,타임스퀘어,서울특별시 영등포구 영등포동4가,126.903324,37.5170614,타임스퀘어,서울특별시 영등포구 영등포동4가 441-10호 타임스퀘어,서울특별시 영등포구 영중로 15 (영등포동4가),"X :126.903324, Y :37.5170614"
275,대형슈퍼,홈플러스 익스프레스,서울특별시 영등포구 신길동,126.913414,37.4971753,홈플러스(주) 익스프레스 신길점,서울특별시 영등포구 신길동 4491,서울특별시 영등포구 여의대방로 65 (신길동),"X :126.913414, Y :37.4971753"
276,종합쇼핑몰,IFC몰,서울특별시 영등포구 여의도동,126.925282,37.5249613,아이에프씨몰(IFC Mall),서울특별시 영등포구 여의도동 23번지,서울특별시 영등포구 국제금융로 10 (여의도동),"X :126.925282, Y :37.5249613"
277,대형슈퍼,홈플러스 익스프레스,서울특별시 영등포구 도림동,126.900758,37.5067338,홈플러스(주) 익스프레스 도림점,서울특별시 영등포구 도림동 251-5호,서울특별시 영등포구 도신로 75 (도림동),"X :126.900758, Y :37.5067338"
278,대형슈퍼,홈플러스 익스프레스,서울특별시 영등포구 신길동,126.909524,37.5060111,홈플러스(주) 익스프레스 신길3점,서울특별시 영등포구 신길동 259-4호,서울특별시 영등포구 가마산로69가길 12 (신길동),"X :126.909524, Y :37.5060111"
279,대형슈퍼,홈플러스 익스프레스,서울특별시 영등포구 신길동,126.918348,37.5141086,홈플러스(주) 익스프레스 신길2점,서울특별시 영등포구 신길동 101-7호,서울특별시 영등포구 영등포로 364 (신길동),"X :126.918348, Y :37.5141086"
280,종합쇼핑몰,더현대,서울특별시 영등포구 여의도동,126.928279,37.5260354,THE HYUNDAI SEOUL,서울특별시 영등포구 여의도동 22번지,서울특별시 영등포구 여의대로 108 (여의도동),"X :126.928279, Y :37.5260354"
281,대형슈퍼,롯데슈퍼,서울특별시 영등포구 대림동,126.895662,37.5033956,롯데슈퍼 대림점,서울특별시 영등포구 대림동 784번지,서울특별시 영등포구 대림로 251 (대림동),"X :126.895662, Y :37.5033956"
282,대형슈퍼,홈플러스 익스프레스,서울특별시 동작구 상도동,126.933519,37.4990806,홈플러스(주) 익스프레스 상도점,서울특별시 동작구 상도동 255-4호,서울특별시 동작구 성대로 43 (상도동),"X :126.933519, Y :37.4990806"
283,대형슈퍼,홈플러스 익스프레스,서울특별시 동작구 사당동,126.972347,37.4846174,홈플러스(주) 익스프레스 남성점,서울특별시 동작구 사당동 252-22호,서울특별시 동작구 사당로 215 (사당동),"X :126.972347, Y :37.4846174"
284,대형슈퍼,이마트 에브리데이,서울특별시 동작구 대방동,126.929515,37.4998891,(주)이마트에브리데이 대방동점,서울특별시 동작구 대방동 335-17호,서울특별시 동작구 상도로 81 (대방동),"X :126.929515, Y :37.4998891"
285,대형할인마트,이마트,서울특별시 동작구 사당동,126.980205,37.4843758,(주)이마트 이수점,서울특별시 동작구 사당동 147-29호 이수자이,"서울특별시 동작구 사당로 300 (사당동, 이수자이)","X :126.980205, Y :37.4843758"
286,대형슈퍼,이마트 에브리데이,서울특별시 동작구 상도동,126.943737,37.5059607,(주)이마트에브리데이 상도동점,서울특별시 동작구 상도동 527번지,서울특별시 동작구 상도로31길 19 (상도동),"X :126.943737, Y :37.5059607"
287,대형슈퍼,이마트 에브리데이,서울특별시 동작구 사당동,126.974572,37.4910331,(주)이마트에브리데이 사당동점,"서울특별시 동작구 사당동 105-신동아상가 제1층 101~105, 110호","서울특별시 동작구 동작대로29길 110 (사당동, 신동아아파트)","X :126.974572, Y :37.4910331"
288,대형할인마트,홈플러스,서울특별시 동작구 대방동,126.926042,37.5123839,(주)홈플러스 대방점,서울특별시 동작구 대방동 341-2호,서울특별시 동작구 노량진로 4 (대방동),"X :126.926042, Y :37.5123839"
289,대형슈퍼,홈플러스 익스프레스,서울특별시 동작구 상도동,126.950454,37.5075946,홈플러스 익스프레스 상도2점,서울특별시 동작구 상도동 414번지,서울특별시 동작구 만양로 26 (상도동),"X :126.950454, Y :37.5075946"
290,대형슈퍼,홈플러스 익스프레스,서울특별시 동작구 상도동,126.943563,37.4968064,홈플러스 익스프레스 상도3점,서울특별시 동작구 상도동 530번지,서울특별시 동작구  양녕로  170 (상도동),"X :126.943563, Y :37.4968064"
291,대형슈퍼,GS슈퍼,서울특별시 동작구 상도동,126.950858,37.4953952,(주)지에스리테일 상도 엠코타운점,서울특별시 동작구 상도동 531-상가동 지상1층 101~105호,"서울특별시 동작구 상도로 346-1 (상도동, 상도엠코타운 센트럴파크)","X :126.950858, Y :37.4953952"
292,대형슈퍼,롯데슈퍼,서울특별시 동작구 신대방동,126.911664,37.4947052,롯대슈펴 신대방점,서울특별시 동작구 신대방동 707,"서울특별시 동작구 여의대방로 30, A동 101호 (신대방동, 현대상가)","X :126.911664, Y :37.4947052"
293,지역시장,신림중앙시장,서울특별시 관악구 신림동,126.911474,37.4831542,신림중앙시장,서울특별시 관악구 신림동 541,서울특별시 관악구 조원로16길 27 (신림동),"X :126.911474, Y :37.4831542"
294,지역시장,우림시장,서울특별시 관악구 신림동,126.920409,37.4703304,우림시장,서울특별시 관악구 신림동 637-1,서울특별시 관악구 난곡로26길 4 (신림동),"X :126.920409, Y :37.4703304"
295,지역시장,원당종합시장,서울특별시 관악구 봉천동,126.965874,37.4743893,원당종합시장,서울특별시 관악구 봉천동 1638-20호,서울특별시 관악구 남부순환로248길 35 (봉천동),"X :126.965874, Y :37.4743893"
296,대형슈퍼,홈플러스 익스프레스,서울특별시 관악구 중앙동,126.947336,37.4861403,홈플러스 익스프레스 봉천점,서울특별시 관악구 중앙동 463-4호 메카플러스 지하1층,서울특별시 관악구 양녕로 46 (봉천동),"X :126.947336, Y :37.4861403"
297,대형슈퍼,이마트 에브리데이,서울특별시 관악구 은천동,126.941276,37.4862185,(주)이마트에브리데이 봉천동점,서울특별시 관악구 은천동 937-6호 동영빌딩 1층,서울특별시 관악구 은천로 51 (봉천동),"X :126.941276, Y :37.4862185"
298,대형할인마트,홈플러스,서울특별시 관악구 남현동,126.982391,37.4714648,홈플러스 서울남현점,서울특별시 관악구 남현동 산 69-51호,서울특별시 관악구 과천대로 909 (남현동),"X :126.982391, Y :37.4714648"
299,대형슈퍼,GS슈퍼,서울특별시 관악구 봉천동,126.949127,37.4794377,(주)지에스리테일 관악점,서울특별시 관악구 봉천동 1567-1호,서울특별시 관악구 쑥고개로 111 (봉천동),"X :126.949127, Y :37.4794377"
300,대형슈퍼,GS슈퍼,서울특별시 관악구 봉천동,126.961,37.4769826,(주)지에스리테일 낙성대점,서울특별시 관악구 봉천동 1629-2호,서울특별시 관악구 봉천로 576 (봉천동),"X :126.961000, Y :37.4769826"
301,지역시장,봉일시장,서울특별시 관악구 봉천동,126.938427,37.4858566,봉일시장,서울특별시 관악구 봉천동 951-25호,서울특별시관악구 은천로 28 봉일프라자,"X :126.938427, Y :37.4858566"
302,지역시장,봉천현대시장,서울특별시 관악구 봉천동,126.946669,37.4862301,봉천현대시장,서울특별시 관악구 봉천동 502-4호,서울특별시 관악구 양녕로 49 (봉천동),"X :126.946669, Y :37.4862301"
303,지역시장,관악종합시장,서울특별시 관악구 신림동,126.927949,37.4816339,관악종합시장,서울특별시 관악구 신림동 1602-1,서울특별시 관악구 신원로 23,"X :126.927949, Y :37.4816339"
304,대형슈퍼,롯데슈퍼,서울특별시 서초구 방배본동,126.985551,37.4968736,롯데쇼핑(주)롯데슈퍼 방배점,서울특별시 서초구 방배본동 755-5호,서울특별시 서초구 방배중앙로 198 (방배동),"X :126.985551, Y :37.4968736"
305,지역시장,이수시장,서울특별시 서초구 방배동,126.989284,37.4912518,이수시장,서울특별시 서초구 방배동 816-1,서울특별시 서초구 방배로33길 29 (방배동),"X :126.989284, Y :37.4912518"
306,대형할인마트,코스트코,서울특별시 서초구 양재동,127.036083,37.4620097,코스트코코리아,서울특별시 서초구 양재동 217-6,서울특별시 서초구 양재대로 159 (양재동),"X :127.036083, Y :37.4620097"
307,대형할인마트,이마트,서울특별시 서초구 양재동,127.036083,37.4620097,(주)이마트 양재점,서울특별시 서초구 양재동 215호 하이브랜드 지하1층,"서울특별시 서초구 매헌로 16 (양재동,하이브랜드 지하1층)","X :127.036083, Y :37.4620097"
308,대형슈퍼,홈플러스 익스프레스,서울특별시 강남구 도곡동,127.04334,37.4827485,홈플러스익스프레스 도곡2점,서울특별시 강남구 도곡동 518-8 유진빌딩,"서울특별시 강남구 논현로28길 9, 유진빌딩 (도곡동)","X :127.043340, Y :37.4827485"
309,종합쇼핑몰,도심공항몰,서울특별시 강남구 삼성동,127.059258,37.5095736,도심공항몰(CALT MALL),서울특별시 강남구 삼성동 159-6,서울특별시 강남구 테헤란로87길 22-0 (삼성동),"X :127.059258, Y :37.5095736"
310,대형할인마트,노브랜드,서울특별시 강남구 삼성동,127.051164,37.5164339,노브랜드 삼성점,서울특별시 강남구 삼성동 21-1 삼광빌딩 1층,"서울특별시 강남구 삼성로 633, 1층 (삼성동, 삼광빌딩)","X :127.051164, Y :37.5164339"
311,종합쇼핑몰,파르나스몰,서울특별시 강남구 삼성동,127.060875,37.5090322,파르나스몰(PARNAS MALL),서울특별시 강남구 삼성동 159-8호 그랜드인터콘티넨탈호텔(지하1층),서울특별시 강남구 테헤란로 521 (삼성동),"X :127.060875, Y :37.5090322"
312,종합쇼핑몰,코엑스몰,서울특별시 강남구 삼성동,127.058796,37.512502,코엑스 몰,서울특별시 강남구 삼성동 159-1호 외,서울특별시 강남구 영동대로 513 (삼성동),"X :127.058796, Y :37.5125020"
313,지역시장,남서울종합시장,서울특별시 강남구 대치동,127.059483,37.4934996,남서울종합시장,서울특별시 강남구 대치동 623번지,서울특별시 강남구 남부순환로 2921 (대치동),"X :127.059483, Y :37.4934996"
314,대형할인마트,이마트,서울특별시 강남구 역삼동,127.048416,37.4991989,(주)이마트 역삼점,서울특별시 강남구 역삼동 755번지,서울특별시 강남구 역삼로 310 (역삼동),"X :127.048416, Y :37.4991989"
315,지역시장,영동전통시장,서울특별시 강남구 논현동,127.024569,37.509153,영동전통시장,서울특별시 강남구 논현동 140-외 44필지,"서울특별시 강남구 강남대로124길 22, 3층 301호 (논현동)","X :127.024569, Y :37.5091530"
316,대형슈퍼,홈플러스 익스프레스,서울특별시 강남구 삼성동,127.030169,37.5135126,홈플러스익스프레스 학동역점,서울특별시 강남구 삼성동 159-6,서울특별시 강남구 학동로 176 (논현동),"X :127.030169, Y :37.5135126"
317,대형슈퍼,롯데슈퍼,서울특별시 강남구 역삼동,127.041946,37.4968767,롯데슈퍼 역삼2동점,서울특별시 강남구 역삼동 770-11,서울특별시 강남구 역삼로 230 (역삼동),"X :127.041946, Y :37.4968767"
318,대형슈퍼,롯데슈퍼,서울특별시 강남구 역삼동,127.034209,37.4931219,롯데슈퍼 역삼1동점,서울특별시 강남구 역삼동 834-34,서울특별시 강남구 역삼로8길 15 (역삼동),"X :127.034209, Y :37.4931219"
319,대형슈퍼,롯데슈퍼,서울특별시 강남구 논현동,127.038346,37.5125192,롯데슈퍼 논현점,서울특별시 강남구 논현동 258,"서울특별시 강남구 언주로122길 25 (논현동, 두산위브아파트)","X :127.038346, Y :37.5125192"
320,대형슈퍼,롯데슈퍼,서울특별시 강남구 삼성동,127.0614,37.5149785,롯데슈퍼 코엑스점,서울특별시 강남구 삼성동 107-6,서울특별시 강남구 봉은사로103길 5 (삼성동),"X :127.061400, Y :37.5149785"
321,대형슈퍼,롯데슈퍼,서울특별시 강남구 도곡동,127.048872,37.486873,롯데슈퍼 도곡점,서울특별시 강남구 도곡동 464,"서울특별시 강남구 언주로 123 (도곡동, 개포한신아파트)","X :127.048872, Y :37.4868730"
322,대형슈퍼,GS슈퍼,서울특별시 강남구 논현동,127.0238,37.5099821,(주)지에스리테일 GS슈퍼 강남 논현점,서울특별시 강남구 논현동 140번지,서울특별시 강남구 강남대로128길 20,"X :127.023800, Y :37.5099821"
323,지역시장,강남시장,서울특별시 강남구 신사동,127.020646,37.5187583,강남시장,서울특별시 강남구 신사동 510-11호,서울특별시 강남구 압구정로2길 46 (신사동),"X :127.020646, Y :37.5187583"
324,지역시장,논현종합시장,서울특별시 강남구 논현동,127.03476,37.5100065,논현종합시장,서울특별시 강남구 논현동 227-4호,서울특별시 강남구 봉은사로33길 33 (논현동),"X :127.034760, Y :37.5100065"
325,백화점,현대백화점,서울특별시 강남구 압구정동,127.027448,37.5273165,(주)현대백화점 본점,서울특별시 강남구 압구정동 429번지,"서울특별시 강남구 압구정로 165 (압구정동, 현대백화점본점)","X :127.027448, Y :37.5273165"
326,백화점,현대백화점,서울특별시 강남구 삼성동,127.059698,37.5085822,현대백화점 무역센터점,서울특별시 강남구 삼성동 159-7호,"서울특별시 강남구 테헤란로 517 (삼성동, 무역센터현대백화점)","X :127.059698, Y :37.5085822"
327,대형슈퍼,홈플러스 익스프레스,서울특별시 강남구 신사동,127.036872,37.5280348,홈플러스 익스프레스 압구정점,서울특별시 강남구 신사동 660-18호,서울특별시 강남구 압구정로46길 5-2 (신사동),"X :127.036872, Y :37.5280348"
328,대형슈퍼,GS슈퍼,서울특별시 강남구 신사동,127.025286,37.5234877,(주)지에스리테일 신사점,서울특별시 강남구 신사동 568-11,"서울특별시 강남구 압구정로18길 25 (신사동, 한국산업양행빌딩)","X :127.025286, Y :37.5234877"
329,대형슈퍼,GS슈퍼,서울특별시 송파구 신천동,127.106132,37.5205245,(주)지에스리테일 잠실파크리오점,서울특별시 송파구 신천동 17,"서울특별시 송파구 올림픽로 435 (신천동, 파크리오아파트)","X :127.106132, Y :37.5205245"
330,대형슈퍼,GS슈퍼,서울특별시 송파구 가락동,127.133007,37.4936478,(주)지에스리테일 송파가락점,서울특별시 송파구 가락동 197-15,서울특별시 송파구 오금로46길 49 (가락동),"X :127.133007, Y :37.4936478"
331,대형슈퍼,GS슈퍼,서울특별시 송파구 잠실동,127.092898,37.5124085,(주)지에스리테일 잠실점,서울특별시 송파구 잠실동 27-6,서울특별시 송파구 올림픽로 203 (잠실동),"X :127.092898, Y :37.5124085"
332,종합쇼핑몰,롯데월드몰,서울특별시 송파구 신천동,127.104765,37.513579,롯데월드몰,서울특별시 송파구 신천동 29번지,서울특별시 송파구 올림픽로 300 (신천동),"X :127.104765, Y :37.5135790"
333,종합쇼핑몰,가든파이브,서울특별시 송파구 문정동,127.119526,37.4782819,가든파이브 툴,서울특별시 송파구 문정동 292-외 29필지,서울특별시 송파구 충민로 10 (문정동),"X :127.119526, Y :37.4782819"
334,지역시장,마천시장,서울특별시 송파구 마천동,127.150577,37.4982851,마천시장,서울특별시 송파구 마천동 140-2호,서울특별시 송파구 마천로45길 23 (마천동),"X :127.150577, Y :37.4982851"
335,대형슈퍼,홈플러스 익스프레스,서울특별시 송파구 잠실동,127.091761,37.5076611,홈플러스(주)익스프레스 잠실점,서울특별시 송파구 잠실동 44-1호,서울특별시 송파구 석촌호수로 133 (잠실동),"X :127.091761, Y :37.5076611"
336,대형슈퍼,홈플러스 익스프레스,서울특별시 송파구 송파동,127.116698,37.5063509,홈플러스(주) 익스프레스 송파점,서울특별시 송파구 송파동 150-2,서울특별시 송파구 가락로28길 7 (송파동),"X :127.116698, Y :37.5063509"
337,대형할인마트,홈플러스,서울특별시 송파구 신천동,127.103015,37.5162384,홈플러스(주)잠실점,서울특별시 송파구 신천동 7-12호,서울특별시 송파구 올림픽로35가길 16 (신천동),"X :127.103015, Y :37.5162384"
338,대형슈퍼,GS슈퍼,서울특별시 송파구 가락동,127.128521,37.4954006,(주)지에스리테일 송파점,서울특별시 송파구 가락동 140,"서울특별시 송파구 동남로 189 (가락동, 쌍용아파트)","X :127.128521, Y :37.4954006"
339,대형슈퍼,GS슈퍼,서울특별시 송파구 방이동,127.124833,37.5082168,(주)지에스리테일 방이점,서울특별시 송파구 방이동 217,"서울특별시 송파구 오금로31가길 20 (방이동, 대림아파트)","X :127.124833, Y :37.5082168"
340,대형슈퍼,홈플러스 익스프레스,서울특별시 송파구 거여동,127.145308,37.4926784,홈플러스(주)익스프레스 거여점,서울특별시 송파구 거여동 27-5호 B101호,서울특별시 오금로 512,"X :127.145308, Y :37.4926784"
341,대형슈퍼,롯데슈퍼,서울특별시 송파구 석촌동,127.098879,37.5021683,롯데쇼핑(주)롯데슈퍼석촌점,서울특별시 송파구 석촌동 235-17호,서울특별시 송파구 백제고분로34길 3 (석촌동),"X :127.098879, Y :37.5021683"
342,대형할인마트,하나로마트,서울특별시 송파구 오금동,127.127641,37.510151,농협하나로마트방이역점,서울특별시 송파구 오금동 615번지,서울특별시 송파구 양재대로72길 5 (오금동),"X :127.127641, Y :37.5101510"
343,대형슈퍼,이마트 에브리데이,서울특별시 송파구 가락동,127.118277,37.4962942,(주)이마트에브리데이 가락동점,서울특별시 송파구 가락동 88-2호,서울특별시 송파구 중대로9길 35 (가락동),"X :127.118277, Y :37.4962942"
344,대형슈퍼,홈플러스 익스프레스,서울특별시 송파구 풍납동,127.116209,37.5339219,홈플러스(주)익스프레스 풍납점,서울특별시 송파구 풍납동 163번지,서울특별시 송파구  올림픽로51길  52 (풍납동),"X :127.116209, Y :37.5339219"
345,대형슈퍼,홈플러스 익스프레스,서울특별시 송파구 삼전동,127.089834,37.5042207,홈플러스 익스프레스 삼전역점,서울특별시 송파구 삼전동 9-제이 플레이스,"서울특별시 송파구 백제고분로 207 (삼전동, 제이 플레이스)","X :127.089834, Y :37.5042207"
346,대형슈퍼,이마트 에브리데이,서울특별시 송파구 가락동,127.102515,37.4975972,이마트에브리데이 송파점,서울특별시 송파구 가락동 479 헬리오시티,"서울특별시 송파구 송파대로 345 (가락동, 헬리오시티)","X :127.102515, Y :37.4975972"
347,대형슈퍼,롯데슈퍼,서울특별시 송파구 가락동,127.134457,37.4953941,롯데프레시송파가락가맹점,서울특별시 송파구 가락동 191-5,서울특별시 송파구 동남로20길 24 (가락동),"X :127.134457, Y :37.4953941"
348,대형슈퍼,GS슈퍼,서울특별시 강동구 고덕동,127.16258,37.5578882,지에스 더프레시(GS THE FRESH) 고덕그라시움점,서울특별시 강동구 고덕동 217-고덕그라시움아파트(상가동),"서울특별시 강동구 고덕로 353, 고덕그라시움아파트(상가1동) 지하1층 108-119,128호 (고덕동)","X :127.162580, Y :37.5578882"
349,대형슈퍼,이마트 에브리데이,서울특별시 강동구 성내동,127.121728,37.5325739,이마트에브리데이 성내점,서울특별시 강동구 성내동 595-코오롱 2차아파트,"서울특별시 강동구 올림픽로 572, 상가동 1층 101,102호 (성내동, 코오롱 2차아파트)","X :127.121728, Y :37.5325739"
350,대형할인마트,이마트,서울특별시 강동구 천호동,127.125709,37.5386065,(주)이마트천호점,서울특별시 강동구 천호동 454-1호,서울특별시 강동구 천호대로 1017 (천호동),"X :127.125709, Y :37.5386065"
351,대형할인마트,홈플러스,서울특별시 강동구 천호동,127.14223,37.5457058,홈플러스 강동점,서울특별시 강동구 천호동 42번지,서울특별시 강동구 양재대로 1571 (천호동),"X :127.142230, Y :37.5457058"
352,대형슈퍼,GS슈퍼,서울특별시 강동구 명일동,127.144221,37.5513616,(주)지에스리테일 명일점,서울특별시 강동구 명일동 312-99호,서울특별시 강동구 양재대로 1630 (명일동),"X :127.144221, Y :37.5513616"
353,백화점,현대백화점,서울특별시 강동구 천호동,127.124419,37.5389592,현대백화점 천호점,서울특별시 강동구 천호동 455-8호,"서울특별시 강동구 천호대로 1005 (천호동, 현대백화점)","X :127.124419, Y :37.5389592"
354,대형할인마트,이마트,서울특별시 강동구 명일동,127.155816,37.5546627,(주)이마트명일점,서울특별시 강동구 명일동 46-4 호,서울특별시 강동구 고덕로 276 (명일동),"X :127.155816, Y :37.5546627"
355,대형슈퍼,GS슈퍼,서울특별시 강동구 암사동,127.140358,37.5552945,(주)지에스리테일 암사캐슬점,서울특별시 강동구 암사동 414-18호 강동롯데캐슬퍼스트아파트,서울특별시 강동구 고덕로 133 (암사동),"X :127.140358, Y :37.5552945"
356,대형슈퍼,홈플러스 익스프레스,서울특별시 강동구 암사동,127.135079,37.5523634,홈플러스(주) 익스프레스 암사점,서울특별시 강동구 암사동 473-3호,서울특별시 강동구 고덕로24길 50 (암사동),"X :127.135079, Y :37.5523634"
357,대형슈퍼,홈플러스 익스프레스,서울특별시 강동구 성내동,127.127314,37.5311986,홈플러스(주) 익스프레스 성내점,서울특별시 강동구 성내동 521번지,서울특별시 강동구 풍성로 138 (성내동),"X :127.127314, Y :37.5311986"
358,대형슈퍼,이마트 에브리데이,서울특별시 강동구 명일동,127.148435,37.5532846,(주)이마트에브리데이 명일동점,"서울특별시 강동구 명일동 15-삼익그린맨션 상가동 지층22,23,25",서울특별시 강동구 고덕로 210 (명일동),"X :127.148435, Y :37.5532846"
359,대형슈퍼,홈플러스 익스프레스,서울특별시 강동구 길동,127.140497,37.5383557,홈플러스(주)익스프레스 길동점,서울특별시 강동구 길동 391-2호,서울특별시 강동구 양재대로 1486 (길동),"X :127.140497, Y :37.5383557"
360,대형할인마트,하나로마트,서울특별시 강동구 성내동,127.120307,37.5287912,(주)농협유통 하나로마트 성내점,서울특별시 강동구 성내동 451번지,서울특별시 강동구 올림픽로 528 (성내동),"X :127.120307, Y :37.5287912"
361,대형할인마트,이마트,서울특별시 강동구 명일동,127.155816,37.5546627,신세계 이마트 명일점,서울특별시 강동구 명일동 46-4호,서울특별시 강동구 고덕로 276 이마트 명일점,"X :127.155816, Y :37.5546627"
362,지역시장,양지종합시장,서울특별시 강동구 암사동,127.136987,37.555749,양지종합시장,서울특별시 강동구 암사동 451-16호,서울특별시 강동구 고덕로27길 15-26,"X :127.136987, Y :37.5557490"
363,대형슈퍼,GS슈퍼,서울특별시 용산구 한강로3가,126.967444,37.5258999,GS THE FRESH 용산해링턴점,서울특별시 용산구 한강로3가 63-70,"서울특별시 용산구 서빙고로 17, 용산해링턴스퀘어 C동 1층 111~115호 (한강로3가)","X :126.967444, Y :37.5258999"
364,대형슈퍼,롯데슈퍼,서울특별시 용산구 원효로1가,126.96762,37.5382977,롯데쇼핑(주)롯데슈퍼원효로점,서울특별시 용산구 원효로1가 133-3,서울특별시 용산구 백범로 341 (원효로1가),"X :126.967620, Y :37.5382977"
365,백화점,롯데백화점,서울특별시 송파구 신천동,127.104765,37.513579,롯데백화점 에비뉴엘 월드타워점,서울특별시 송파구 신천동 29번지,서울특별시송파구 올림픽로 300 롯데월드몰 B2,"X :127.104765, Y :37.5135790"
366,대형할인마트,롯데마트,서울특별시 송파구 신천동,127.104765,37.513579,롯데쇼핑(주) 롯데마트 월드타워점,서울특별시 송파구 신천동 29-롯데월드타워앤드롯데월드몰,"서울특별시 송파구 올림픽로 300, 롯데월드타워앤드롯데월드몰 (신천동)","X :127.104765, Y :37.5135790"
367,대형슈퍼,롯데슈퍼,서울특별시 송파구 송파동,127.114524,37.5050556,롯데쇼핑(주)롯데슈퍼송파점,"서울특별시 송파구 송파동 121-한양2차아파트 1층 6,7호호","서울특별시 송파구 가락로 183, 1층 6,7호 (송파동)","X :127.114524, Y :37.5050556"
368,대형슈퍼,롯데슈퍼,서울특별시 송파구 풍납동,127.117003,37.5279385,롯데쇼핑(주)롯데슈퍼풍납점,서울특별시 송파구 풍납동 400-5호101호,서울특별시 송파구 강동대로9길 20 (풍납동),"X :127.117003, Y :37.5279385"
369,대형슈퍼,롯데슈퍼,서울특별시 송파구 방이동,127.109086,37.5141788,롯데쇼핑(주)롯데슈퍼방이점,서울특별시 송파구 방이동 63-11호,서울특별시 송파구 올림픽로32길 20 (방이동),"X :127.109086, Y :37.5141788"
370,대형슈퍼,롯데슈퍼,서울특별시 송파구 잠실동,127.083001,37.5121364,롯데쇼핑(주)롯데슈퍼신천점,서울특별시 송파구 잠실동 19-8호,서울특별시 송파구 올림픽로 111 (잠실동),"X :127.083001, Y :37.5121364"
371,대형슈퍼,롯데슈퍼,서울특별시 송파구 잠실동,127.086211,37.5106295,롯데쇼핑(주)롯데슈퍼잠실3동점,서울특별시 송파구 잠실동 35-2호,서울특별시 송파구 석촌호수로 61 (잠실동),"X :127.086211, Y :37.5106295"
372,대형할인마트,롯데마트,서울특별시 송파구 문정동,127.117727,37.4917267,롯데쇼핑(주)롯데마트 송파점,서울특별시 송파구 문정동 150-2호,서울특별시 송파구 중대로 80 (문정동),"X :127.117727, Y :37.4917267"
373,백화점,롯데백화점,서울특별시 송파구 잠실동,127.097998,37.5112601,롯데백화점 잠실점,서울특별시 송파구 잠실동 40-1호,서울특별시 송파구 올림픽로 240 (잠실동),"X :127.097998, Y :37.5112601"
374,대형슈퍼,롯데슈퍼,서울특별시 용산구 남영동,126.97185,37.5422001,롯데프레시 갈월점,서울특별시 용산구 남영동 93-30호,서울특별시 한강대로77길 12,"X :126.971850, Y :37.5422001"
375,대형할인마트,롯데마트,서울특별시 송파구 잠실동,127.097998,37.5112601,롯데마트(주) 롯데마트 제타플렉스,서울특별시 송파구 잠실동 40-1호,서울특별시 송파구 올림픽로 240 (잠실동),"X :127.097998, Y :37.5112601"
376,대형슈퍼,롯데슈퍼,서울특별시 강서구 화곡동,126.846521,37.5316057,롯데쇼핑(주)롯데슈퍼화곡점,서울특별시 강서구 화곡동 343-52호,서울특별시 강서구 강서로 43 (화곡동),"X :126.846521, Y :37.5316057"
377,대형슈퍼,롯데슈퍼,서울특별시 강서구 방화동,126.807701,37.5719759,롯데쇼핑(주)롯데슈퍼개화산점,서울특별시 강서구 방화동 533-9호,서울특별시 양천로6길 15,"X :126.807701, Y :37.5719759"
378,종합쇼핑몰,롯데몰,서울특별시 강서구 방화동,126.802954,37.5650124,롯데몰 김포공항,서울특별시 강서구 방화동 886-외6필지,"서울특별시 강서구 하늘길 38 (방화동, 롯데몰 김포공항)","X :126.802954, Y :37.5650124"
379,백화점,신세계백화점,서울특별시 중구 회현동1가,126.979595,37.5603568,신세계백화점메사점,서울특별시 중구 회현동1가 204-메사빌딩,"서울특별시 중구 남대문시장10길 2 (회현동1가,메사빌딩)","X :126.979595, Y :37.5603568"
380,백화점,신세계백화점,서울특별시 중구 충무로1가,126.980987,37.5609337,신세계백화점,서울특별시 중구 충무로1가 52-5호 신세계백화점건물,"서울특별시 중구 소공로 63 (충무로1가,신세계백화점건물)","X :126.980987, Y :37.5609337"
381,대형슈퍼,롯데슈퍼,서울특별시 동대문구 이문동,127.059312,37.5946543,롯데쇼핑(주) 롯데마켓 999 이문점,서울특별시 동대문구 이문동 324-10호,서울특별시 동대문구 이문로 88 (이문동),"X :127.059312, Y :37.5946543"
382,백화점,롯데백화점,서울특별시 동대문구 전농동,127.046973,37.5809647,롯데백화점 청량리역사점,서울특별시 동대문구 전농동 591-53호,서울특별시 동대문구 왕산로 214 (전농동),"X :127.046973, Y :37.5809647"
383,대형할인마트,롯데마트,서울특별시 영등포구 양평동3가,126.891626,37.526034,롯데쇼핑(주) 롯데마트 양평점,서울특별시 영등포구 양평동3가 45,서울특별시 영등포구 선유로 138 (양평동3가),"X :126.891626, Y :37.5260340"
384,백화점,뉴코아백화점,서울특별시 서초구 잠원동,127.006246,37.5087227,뉴코아백화점,서울특별시 서초구 잠원동 70-5호 뉴코아백화점빌딩,"서울특별시 서초구 잠원로 37-6 (잠원동, 뉴코아백화점빌딩)","X :127.006246, Y :37.5087227"
385,백화점,뉴코아백화점,서울특별시 서초구 잠원동,127.006868,37.5102273,(주)이랜드킴스클럽 강남점,서울특별시 서초구 잠원동 70-1,서울특별시 서초구 잠원로 69 (잠원동),"X :127.006868, Y :37.5102273"
386,대형슈퍼,롯데슈퍼,서울특별시 금천구 독산동,126.896809,37.4596259,롯데쇼핑(주) 금천 독산점,서울특별시 금천구 독산동 1155 금천롯데캐슬골드파크3차,"서울특별시 금천구 시흥대로 291(독산동, 금천롯데캐슬골드파크3차)","X :126.896809, Y :37.4596259"
387,대형슈퍼,롯데슈퍼,서울특별시 중구 신당동,127.007765,37.5494296,롯데쇼핑(주)롯데슈퍼신당점,서울특별시 중구 신당동 366-126,"서울특별시 중구 다산로 56, 제지2층 제비203호 (신당동, 남산정은스카이아파트)","X :127.007765, Y :37.5494296"
388,대형슈퍼,롯데슈퍼,서울특별시 마포구 대흥동,126.94021,37.5453775,롯데슈퍼 대흥점,서울특별시 마포구 대흥동 337-10,서울특별시 마포구 큰우물로 3 (대흥동),"X :126.940210, Y :37.5453775"
389,대형할인마트,롯데마트,서울특별시 중구 봉래동2가,126.969569,37.5581471,롯데쇼핑(주)롯데마트서울역점,서울특별시 중구 봉래동2가 122호,서울특별시 중구 청파로 426 (봉래동2가),"X :126.969569, Y :37.5581471"
390,대형슈퍼,롯데슈퍼,서울특별시 금천구 독산동,126.895697,37.4705812,롯데쇼핑(주) VIC 마켓 금천점,서울특별시 금천구 독산동 295-10호 외 5,서울특별시 금천구 두산로 71 (독산동),"X :126.895697, Y :37.4705812"
391,대형슈퍼,롯데슈퍼,서울특별시 영등포구 영등포동8가,126.904644,37.5277933,롯데쇼핑(주) VIC마켓 영등포점,서울특별시 영등포구 영등포동8가 62-1호,서울특별시 영등포구 영중로 125 (영등포동8가),"	X :126.904644, Y :37.5277933"
392,대형슈퍼,롯데슈퍼,서울특별시 관악구 보라매동,126.925035,37.4905249,롯데쇼핑(주) 관악점,서울특별시 관악구 보라매동 729호 22통 롯데백화점,서울특별시 봉천로 209,"X :126.925035, Y :37.4905249"
393,종합쇼핑몰,타임스퀘어,서울특별시 영등포구 영등포동4가,126.90554,37.5171533,(주)신세계 타임스퀘어점,서울특별시 영등포구 영등포동4가 434-5호 신세계백화점,"서울특별시 영등포구 영중로 9 (영등포동4가, 신세계백화점)","	X :126.905540, Y :37.5171533"
394,백화점,롯데백화점,서울특별시 중구 소공동,126.980941,37.5646458,롯데백화점 본점,서울특별시 중구 소공동 1,서울특별시 중구 남대문로 81 (소공동),"X :126.980941, Y :37.5646458"
395,대형슈퍼,롯데슈퍼,서울특별시 성북구 길음동,127.038822,37.604195,롯데마켓999 하월곡점,서울특별시 성북구 길음동 1285-7호,서울특별시 성북구 오패산로4길 17 (하월곡동),"	X :127.038822, Y :37.6041950"
396,대형슈퍼,롯데슈퍼,서울특별시 성북구 장위동,127.048245,37.6230222,롯데마이슈퍼 장위점,서울특별시 성북구 장위동 316-3호,서울특별시 성북구 월계로40길 7 (장위동),"X :127.048245, Y :37.6230222"
397,대형슈퍼,롯데슈퍼,서울특별시 성북구 정릉동,127.018245,37.6032987,롯데마이슈퍼 정릉점,서울특별시 성북구 정릉동 1034번지,서울특별시 성북구 정릉로 307 (정릉동),"X :127.018245, Y :37.6032987"
398,대형슈퍼,롯데슈퍼,서울특별시 은평구 역촌동,126.922437,37.6060846,롯데쇼핑(주) 롯데슈퍼 역촌점,서울특별시 은평구 역촌동 17-1호,서울특별시 은평구 진흥로 103 (역촌동),"X :126.922437, Y :37.6060846"
399,백화점,롯데백화점,서울특별시 광진구 자양동,127.071115,37.5387775,롯데백화점 건대스타시티점,서울특별시 광진구 자양동 227-342호 롯데백화점 스타시티점,서울특별시 광진구 능동로 92 (자양동),"X :127.071115, Y :37.5387775"
400,대형할인마트,롯데마트,서울특별시 광진구 구의동,127.095834,37.5356969,롯데쇼핑(주)롯데마트 강변점,서울특별시 광진구 구의동 546-4호,서울특별시 광진구 광나루로56길 85 (구의동),"X :127.095834, Y :37.5356969"
